问题,回答
滴滴 Golang岗开发面经汇总,"本系列将提供滴滴 Golang岗位历年面经，所有面经都有候选人面试之后根据回忆整理而出，大家可以通过面经来复习以及看看滴滴面试难度。
为了方便大家复习，这些面试题的展示采取了右边面试题目，左边答案的方式，方便大家按需查看。
由于手机端不支持这种展示方式，当然，为了手机方便阅读，下面会贴出所有面试题答案链接，不过大家最好在 PC 电脑端阅读哈，相关面试题还会持续更新，尽量补充完善起来，建议收藏帅地的网站哦。
1. 【滴滴】Golang岗-大四狗的实习面试
1. 【滴滴】Golang岗-大四狗的实习面试
2. 【滴滴】Golang岗-中台开发实习生(已offer)
2. 【滴滴】Golang岗-中台开发实习生(已offer)
3. 【滴滴】Golang岗-基架秋储实习生面筋
3. 【滴滴】Golang岗-基架秋储实习生面筋
4. 【滴滴】Golang岗-已经凉凉╮(╯▽╰)╭
4. 【滴滴】Golang岗-已经凉凉╮(╯▽╰)╭
5. 【滴滴】Golang岗-备受打击的神魔面经
5. 【滴滴】Golang岗-备受打击的神魔面经
Golang开发岗
滴滴面试

ㅤ普通"
【滴滴】Golang岗-大四狗的实习面试,"面试官上来直接就问，（我内心，卧槽，这面试官，牛批，省的自我介绍了，我信息都在简历上写的，有啥可自我介绍的，顿时对面试官好感度倍增）
面试官说：“XXX是吧，XX大学？来，我问你几个专业问题哈！”（这开场，牛批，真爽，上来讨论技术多好）
为什么转golang的
为什么不考研啊
Golang的一些问题，channel的实现、GPM、Goroutine的实现方式等等等等，一些Golang的常见底层原理性问题吧。
mysql的索引有哪些（顺便说了哪个索引是哪个存储引擎的，B+树的实现方式，每个存储引擎的使用场景，还自己多加了一个memory存储引擎）把自己能联想到的都自己说了出来
然后。。。。mysql就没了，可能是我自己大致都说了吧。但是我还没说一起其它的锁之类的其它很重要的知识点。
reids：
存储结构（hashtable），竟然没和我谈论各个数据结构的底层实现
redis 的内存分配方式、哪个分配器，
内存碎片是怎样发生的，怎样解决。
然后上面的数据库这一方面就结束了
题：
一串字符串，返回其的最大周期，比如说abab，返回2，ababc 返回1，因为ab不是规范的循环，abababab，返回4，而不是2。
然后我理解错了，理解成了即使在ababc的情况下，返回的应该是2，因为ab循环了两次，然后就开说说我的想法，和面试官讨论，我说使用KMP算法的next思想，然后把我的思路完整的说了
一下，然后面试官说其实暴力一下就可以，我认为暴力会浪费太多的资源，就开始反驳，然后让人笑掉大牙的是，是我考虑的问题比面试官给我出的题复杂了不止一倍。然后又回到了原题目，
然后让我重新构思，我想了一下，即使在简单情况下我的方法也绝对比暴力要快，然后又开始和面试官争论，从复杂问题争论到简单问题，从短字符串争论到超长字符串，谁的速度快，为什么快。
可以通过哪些技巧加快速度，有哪些特性，以及实现之后的复杂度，最后的结论是在字符串长度小且重复元素少的情况下，暴力法绝对比我的快，但是相反的情况，我可以比暴力法快出几倍，甚至几十倍。
然后聊完就有点累了。面试官和我说了一下我什么时候可以去，有多大的概率可以去，说了一下滴滴的实习生薪资，等等等等，感觉面试官对我很好，其中重点给我解答了一下部门的职责等等。聊的很开心，
之后加了微信，让我不懂的问他。（不得不说，面试官的孩子很可爱）
golang的一些基本问题，可以说是语法层面的吧，没有问我底层实现。
linux的一些常用命令
对golang的理解
还有自己使用过的框架、了解过的框架、orm、数据库、使用的什么客户端等等、一些项目架构方面的知识
然后我问了一下，您决定我的通过概率有多少。。。。。呵，我个直男。。。。。
然后二面面试官和我说一面面试官对我挺满意的，（一脸懵。。。。我是完全不懂面试结构是咋样的，现在才知道。。原来一面掌握我的生杀大权啊。。。）
然后就说，之后会有一些工作就没了，然后，我在微信上和一面说，哥，我觉得我过了，面试官和我说，你干掉了203个和你一起投简历的同学。。。
下午，hr打电话发offer，等流程，
唔，来自某渣渣程序员。。。。加油，希望以后能在滴滴解决更多的效率问题，优化。。。
Golang开发岗
滴滴面试

ㅤ普通"
【滴滴】Golang岗-中台开发实习生(已offer),"先说一下个人的总体情况，西电大三计科，没有实习和太多实践经验（只有自己写的博客什么的），数据结构和算法还行，在滴滴前面过很多次字节，三次三面挂，好未来golang过了，还有许多中小厂就忘了，也没过。总共也许接近二十次面试经历？滴滴的面试体验在我的个人经历里算是非常不错的，就是事后通知太慢,还是我自己去问的二面….
二面都是三天前的事情了，所以可能忘了很多问题，不过还是给大家一个参考吧
数据库：
索引（答了聚簇索引和非聚簇索引）
非聚簇索引是如何查询的
隔离级别
RR是如何实现的（INNODB MVVC）
在RR级别下能够读到事务ID靠后未提交的修改吗（不会，提示说是锁，最后告诉我加写锁，建议我自己去试一试）
网络：
UDP,TCP
TCP差错控制、流量控制，拥塞控制
HTTP（没答出3.0是啥）
RESTful
go：
切片和数组
切片的问题
go的通信实现
channel的底层
map的实现
哈希过程是什么样子的
桶的增加（这个具体还挺复杂的）
map线程安全吗？sync.map
gc过程
算法：
反向输出层序遍历（简单）
反问：
什么部门？
网络：
get，post区别，post就不能在URL上附加参数吗（可以，http只是规范，服务端会解析你爱怎么样都行）
三次握手如果改成发序列号x，回序列号x+1，再发x+2可以吗？（序列号预测攻击）
数据库：
索引
给了实际问题是并发问题（忘了是啥）
如果有很多很多数据，分页显示，如何去做
联合索引
分布式环境如何加锁（不会）
go：
sync.map实现
map哈希过程(讲错了一点点，忘了可能插入相同键不同值)
锁的底层实现是什么（不会，给了个人的猜测）
聊天半小时：
你个人常写代码吗？
你最主要的代码规范经验是什么？
万一公司有很多不合理的规范怎么办？
你想学到什么？
不符合你的预期怎么办？
实习多久
算法：
二叉树和为n的从上向下路径（简单）
反问：
听说go有什么什么的缺陷，你怎么看
base地点能选杭州吗（只有北京，可惜了，还是更想杭州离家近）
更新
又想起来一个问题，多线程处理问题你觉得开多少个线程(开放问题，情景自己考虑)
Golang开发岗
滴滴面试

ㅤ普通"
【滴滴】Golang岗-基架秋储实习生面筋,"背景：我之前在B站和字节实习过，两份实习用的都是Golang，滴滴这边用的也是Golang
上来简单做了个自我介绍，然后直接开始问问题，全程没有问实习相关和项目相关，问题基本集中在操作系统、计算机网络、数据库和Golang本身，我感觉是因为不同的部门有不同的考察侧重点，可以理解
全程面试官都是以一种和我探讨问题的姿态和我聊天，遇到不会的也会告诉我答案和相关技术，面试体验相当好~
操作系统：
计算机网络：
数据库：
Golang：
一次愉快的面试就这么结束了~发现自己的基础还是有不足的东西，很多组件都太过专注于高阶的实现和设计思想，反而忽略了最基础的使用层面上的东西，回去需要打打基础了QAQ
Golang开发岗
滴滴面试

ㅤ普通"
【滴滴】Golang岗-已经凉凉╮(╯▽╰)╭,"1.简短自我介绍（直辖市某普通一本，蓝桥杯国一）
2.项目经历（我自己写过一个在线聊天室之类的，面试官问有没有更好的办法实现在线聊天的功能）
3.计算机系统相关（进程间如何通信，多进程，多线程的实现，问到多线程的时候就顺便问Go语言的协4.程底层，Go Channel，Go 协程，Golang 的 goroutine 是如何实现的？）
5.计算机网络（HTTP协议的报文结构，TCP流量控制，拥塞控制，TCP三次握手，四次挥手）
6.MySQL索引（mysql 聚集索引和非聚集索引，多级索引）
7.k8s(是否了解k8s ingress)
8.docker（docker run、exec和attach使用和区别）
9.数据库原理相关（事务，事务的隔离级别，四大特性）
10.Redis数据库（给你一个场景选择redis数据结构）
11.算法（链表倒数第k个元素，我当时说的是翻转链表然后遍历一下，面试官问 不想伤害原链表呢（没答上来））
12.算法（大根堆的应用）
总结：基础一定要扎实呀，各位朋友们,第一次写面筋，有啥问题欢迎指正。
1.项目经历（聊了很多我做的爬虫项目）
2.多线程（如何给线程设定执行时间，超过时间限制则让线程死掉）
3.MySQL数据库（多级索引，多列索引（根据多列构造索引））
4.查询分页如何实现（主要是问后端 分页查询如何实现）
5.算法（二叉路的子路径和 满足子路径和为某一特定值的路径）
6.聊实习时间，可以实习的时长等等。
Golang开发岗
滴滴面试

ㅤ普通"
【滴滴】Golang岗-备受打击的神魔面经,"介绍GMP模型、说说go并发GMP版本迭代的过程？说说如何避免全局队列饥饿？
GC算法，说说哪个不用扫描
现在linuxCPU爆表，如何排查，IO爆表，如何排查
说说如何实现map并发？不加锁如何实现map实现线程安全？（我他么真的无语，他说的不会是使用channel吧……）
然后上一个我说不知道，他就问你说说channel，channel的原理，为什么要用channel 而不用sync？
说说单例模式，说说sync.Once如何实现的？（我透……）
写题，第一个题，那么简单的题我直接就写了，结果面试官说我以前是不是写过，我说没写过，我还没写完就换题
然后第二题，数组很长的情况下N个有序的数组求交集并集。我求交集的时候给了三种思路，他说我没有用到有序这个特性，然后我问他怎么写，他说的和我第三个思路是一样的。我？？？？？？然后他说和我的不一样让我再看看也没说完就挂了。
各种基础题没啥好说的。感觉面试官挺亲和的，虽然迟到了一个半小时，本来打算去吃饭了，面试官上线了。
写代码，心烦意乱就没写出来，其实很简单，一开始思路说了面试官也说没问题
第二题：有n个球，两个人轮流拿，每次只能拿【1，7】个，就是一次最少拿一个，最多一次拿7个，最后拿的最后赢，如何保证谁稳赢？这个题挺简单的，但是当时没想出来，面试官说结束后我看了看当时分析的笔记又想出来了，心态又崩了。
rabbitmq如何保证消息不重复发送，这边印象模糊了，就说了借助redis的方案，面试官说那他原生支持了吗？这边我说印象中没有，他问我确定吗？
比较rabbitmq 和 rocketmq，要求详细比较。我rocketmq就学了两天，没给出答案。
写题：一个数组的斜着遍历。模拟了一下之后，问还有没有别的思路，？？？？？？？说没有。
反问，结束。
总的来说挺被打击的，而且三次面试面试官那边都很吵，状态很差。
还是顺便许愿吧，心情挺down的。
Golang开发岗
滴滴面试

ㅤ普通"
Shopee Golang岗开发面经汇总,"本系列将提供Shopee Golang岗位历年面经，所有面经都有候选人面试之后根据回忆整理而出，大家可以通过面经来复习以及看看Shopee面试难度。
为了方便大家复习，这些面试题的展示采取了右边面试题目，左边答案的方式，方便大家按需查看。
由于手机端不支持这种展示方式，当然，为了手机方便阅读，下面会贴出所有面试题答案链接，不过大家最好在 PC 电脑端阅读哈，相关面试题还会持续更新，尽量补充完善起来，建议收藏帅地的网站哦。
1. 【Shopee】Golang岗-攒人品的面经
1. 【Shopee】Golang岗-攒人品的面经
2. 【Shopee】Golang岗-base深圳，春招(已oc)
2. 【Shopee】Golang岗-base深圳，春招(已oc)
3. 【Shopee】Golang岗-凉凉的后端开发面筋
3. 【Shopee】Golang岗-凉凉的后端开发面筋
4. 【Shopee】Golang岗-赶上了春季末班车校招
4. 【Shopee】Golang岗-赶上了春季末班车校招
5. 【Shopee】Golang岗-超详细的后端面经
5. 【Shopee】Golang岗-超详细的后端面经
Golang开发岗
Shopee面试

ㅤ普通"
【Shopee】Golang岗-攒人品的面经,"（虾皮的面试系统是白板，acm模式，需要自己写包，import，方法，输入输出）
1  linux移动文件夹和文件夹的所有稳健，命令是啥
2  linux查内存，查cpu命令
3  虚拟内存是怎么用的，优点是什么
4  线程和进程的区别（那协程的区别呢？协程为什么快，怎么理解协程，协程的轻量级是哪里轻）
5  go 主协程等待子协程执行完毕再执行，有哪些方法
6   http和https的区别
7   https的加密过程
8   hashmap的原理，怎么实现的（go里的map），哈希冲突的解决方法是什么，拉链过大怎么办
9   数据库索引的聚簇索引和非聚簇索引的区别
10 索引的存储方式（存储结构）
11 索引的优点和缺点
12 go的调度模型了解吗，讲一下
13 go的gc垃圾回收，是咋样的。不同版本有没有什么演进呢
14 go之间的线程同步是怎么做的  go的sync包都有什么东西
应该还有一些go的问题，想不起来了
算法
一个数组nums，一个target，在数组中寻找target，如果数组中存在，则返回target的下标。若数组中不存在，则返回target应该插入位置的下标
（一开始想用二分，但是面试官反复强调没有那么难，就用了从头到尾的遍历，然后判断逻辑，找位置，面试官一直说我写的逻辑太复杂（判断分支过多），让我优化，优化了15分钟，没有优化到最优，面试结束坐电梯就想到了。。。）
自我介绍完了，
来个算法（吓得一激灵）
一个可重复的乱序数组，一个target，求出这个数组中有多少对不重复的数组对之和等于target
比如 1 3 -5 1 -7 target = -4
有 (1,-5) (3,-7)两个数对
先说思路：  第一思路，排序，双指针，时间复杂度 nlogn + n
还能不能优化    用map（后来一看，这不是leetcode 两数之和吗），一个存正常的，一个存重复的，判断一下即可
开写，XXX（2分钟），自己来个用例，ok
以下都是实习和项目
中间夹杂的：
sql的优化，bug的解决方法
redis是做什么用的，你觉得它有多少qps。
聊人生
求hr面
8.2
已经收到hr面了
求过
求oc
Golang开发岗
Shopee面试

ㅤ普通"
【Shopee】Golang岗-base深圳，春招(已oc),"3.10 笔试，平台卡崩数次，发邮件说可以参加3.17笔试
排列组合五人一排AB在头尾的概率是多少
给一个入栈队列一个出栈队列，求栈最大长度
如何推测全世界的猪的数量，开放讨论
排序算法那些是稳定的
给个算法算复杂度
TCP三次握手谁先发送fin请求
Mysql事务概念，什么时候会回滚？事务进行中途挂掉会怎么样
常用的HTTP状态码，patch用来干什么的？
算法：最大数
redis用来干嘛，有些哪些数据结构，zset底层实现有哪些
go channel 实现、用途
数组与slice的区别
mysql、mongoDB、redis区别
mongoDB索引、objectID原理，用的哪个版本？
Mysql的事务，怎么实现
go 垃圾回收，有什么优化
多路复用了解吗
线程协程区别，gorouting调度方法
算法：相交链表
最近在学什么，看什么技术书籍
确认信息，项目经历，团队合作，学习成绩，实习情况，offer情况，了解虾皮吗，反问
4.2 收到OC！
Golang开发岗
Shopee面试

ㅤ普通"
【Shopee】Golang岗-凉凉的后端开发面筋,"1.有环链表
一个有环的链表，如何确认链表有环，环的长度。
2.hashmap
设计一个hashmap，你要用什么数据结构
能用数组能做为存储hashmap的数据结构吗？
不能的话，要怎么做？
怎么解决hash冲突
你的设计里怎样根据key查找对应的值
3.mysql 事务
mysql事务的隔离级别有几种，分别阐述
在串行化隔离级别中，怎么加读锁和写锁，这里的锁是什么锁：表锁？行锁？还是其他锁？
4.mysql的索引


5.Linux 操作相关
如何查看cpu占用
top命令中idle字段的解释
如何查看端口占用
如何查看文件操作权限
ls -al 中 每行前10个字符的意思
如何更改文件权限
6.go 相关
介绍一下协程，协程和线程的关系
MPG模型
一个main函数内用go 开启多个协程，现在一个协程panic了，main函数会怎样？ 为什么？
用户态和内核态
7.tcp相关
tcp和udp协议的区别，tcp有而udp没有的特征有哪些
tcp中滑动窗口的原理，假设窗口1,2,3已经发送，远端ack 4 ，这时候滑动窗口要向前移动吗？为什么？
8.http相关
http如何实现有状态连接
cookie 和session的区别
9.编程题
字符串加法：实现加法，但是输入和输出的数字都是字符串格式
Golang开发岗
Shopee面试

ㅤ普通"
【Shopee】Golang岗-赶上了春季末班车校招,"整体而言虾厂的技术面试不难，和字节、腾讯或阿里相比，适合练手。
技术面试官很接地气，不会刻意为难你，HR 负责人也专业，但 HR 前台小妹专业态度一般，令人遗憾。
砖场的好处是一天一条龙全套爽歪歪服务，看得出虾厂挺缺人的？
1.Go Core
Go 语言的内存如何分配？
Go 语言的 G-M-P 调度模型？
Go 语言的 sync.Map 的底层数据结构如何，以及如何实现高并发的增删改查？
Go 语言的底层如何实现传值或指针？
2.操作系统
Linux 系统上如何使用命令行查看指定端口号？
Linux 系统的进程如何调度？什么是完全公平调度（CFS）？
Linux 系统的进程间通信方式（IPC）有哪几种，分别用 Go 语言如何实践？
3.计算机网络
HTTPS 与 HTTP 有什么区别？
TCP 与 UDP 的区别？
如何使用 UDP 实现可靠传输？
4.数据库
什么是事务以及其事务隔离级别？
事务的隔离级别的 ACID 分别通过什么方式实现？
InnoDB 的存储引擎及其数据结构如何？
5.项目与架构
Go 语言如何使用 Docker？
Go 语言的 struct 如何使用 JSON？
6.数据结构与算法
二叉搜索树的数据结构是怎么样的？
什么是 LRU 算法？
Merge k Sorted Lists（LeetCode 0023）
总体而言面试官看菜吃饭，如果八股题答的好就给一道 medium 的题，答的马虎就给 easy 台阶下。
1.Go Core
Go 语言的 G-M-P 调度模型如何？
Go 语言如何实现性能调优？
什么是轮询，Go 语言如何实践？
Go 语言有哪些性能分析工具？
Go 语言如何进行内存回收？
2.操作系统
虚拟地址如何映射至物理地址？
3.计算机网络
HTTP 和 HTTPS 有什么区别？
如何防范 DOS 洪泛攻击？
4.数据库
如何优化 MySQL？如何分析和改进？
Redis 都有哪些数据结构，如何实现高性能？
Redis 如何实现持久化？
5.项目与架构
如何使用 MySQL 集群？
如何使用 Kubernetes？
负载均衡的算法是什么？
6.数据结构与算法
哈希一致性算法的实现。
4/25 16:00 HR 面（至今没结果）
你手头都有些什么 Offer 或正在面什么公司？
如何看待腾讯、字节跳动和 Shopee 的异同？
在薪资、发展前景和人脉这三者因素，你的考量排序如何？
你最近一次的绩效考核是什么？
你的大学专业是什么，以及为什么选择转行做程序员？
你有什么职业规划？
你如何应对「向上沟通」？
你如何处理平级同事间的冲突？
你的希望薪资多少，可否日后提交银行流水？
三次面试我自己感觉发挥了 85+%，背的八股题都用上了，技术面试官表示满意。
可是问题来了，截止发稿（5/6 12:00），哥 Moka 的状态依旧为「面试」，没收到任何感谢信，感觉非常焦虑和不安？
Golang开发岗
Shopee面试

ㅤ普通"
【Shopee】Golang岗-超详细的后端面经,"背景
Shopee这家企业最初是在其他dalao的面经、V2EX上了解到的，当然开始的时候其实并不是特别清楚相关的信息比如业务内容、技术氛围等。因为2月份字节跳动的面试失利，而且结合2020年年初整体环境的情况，所以打算做个100 Day Countdown复习再尝试的，不过综合考虑觉得金三银四的机会错过可能就没有了，最后在三月初的时候内推了Shopee的岗位。同期在考虑的还有网易和360的一些岗位，网易在广州的主要是游戏岗，技术栈上Match的程度会相对低一些，而且了解到部分目标岗位入职之后貌似是以Python为主，而我目前做的也是Python开发，但是更倾向于接触Go和Go的生态（云原生），这个也是优先考虑Shopee机会的原因之一。
面试
因为赶上春招，所以大概面试官们都比较忙，投递之后大约过了2周HR电话联系，约了一面时间。
一面我要求在了一个比较晚的时间，因为Shopee晚上是不面试的，所以定在了下午大概下班前一点的时候，然而没有想到一聊就聊了接近80分钟，结束的时候已经接近7点了。
自我介绍
介绍基本的项目架构，问了Elasticsearch在项目中的用途
每日新增数据量*00w，不算少了，用MySQL怎么样做的？
看具体业务，例如新增这块是某些业务数据的快照，用作趋势图
新增数据多，分策略处理，按业务分区，定时归档到oss
除去归档之后数据还有多大？以什么样的方式检索？
除去归档之后的量级在千万级
虽然有千万，但是根据业务查询做Partition，每个tablespace不大，使用xx作为主键，查询也按照主键，速度可以接受
对Percona和它MySQL的分支了解多少？它改表的工具有看过吗？原理能说一下吗，改表过程中一致性如何保证？
Percona的工具一般都是运维在用，自己RSS了他们的博客，阅读和翻译感兴趣的文章
pt-osc，改表通过创建新表，复制旧表数据最后原子操作RENAME替换完成。（答得不在点子上，最重要的通过Trigger保障过程中的一致性没有提出来）
有做过分享过BloomFilter，分享的原理还是应用？
Both
概率型过滤器，业务上用做去重判定，有在团队里面推广，目前在新业务上准备尝试
Redis中使用Bitmap实现，对判断内容Hash置位，如果对应位置都已经置位过说明元素可能存在，反之必然不存在
用过Redis的哪些数据结构？redis-cell是什么？
除了基础的5种结构以外，还尝试过HyperLogLog，布隆过滤器，redis-cell，stream
redis-cell是一个外挂模块，漏斗模型限流
有用过Redis的Cluster吗？了解原理吗？如果有节点挂了会怎么样？
业务使用Redis的部分数据量比较少所以用不上，自己有尝试过
基于槽分配，将集群划分成16384个槽，分配给不同节点，当所有槽分配完毕的时候集群上线
如果用官方工具创建类似典型的三主三从集群，主节点挂掉之后会自动有从节点顶上
用Redis不同的数据结构都实现过什么业务？
HyperLogLog，和BloomFilter相似，场景为概率型的计数，例如超大量的每日访问IP数（PV），代替set类型
ZSET，做过排行榜
String，做日常缓存
了解Redis HASH结构的实现吗？怎么保证查找的复杂度是O(1)？
底层是一个字典
Emmm…（场面一度尴尬，觉得很基础又一时说不上来，最后猜测是Hash之后通过内存地址查找所以是O(1)）不太了解
然后聊到这里附近的时候远程聊天网络原因断开了一下orz，多给了一点点思考的时间，虽然重连之后还是答得不太满意。
有用过短域名服务吗，能说一下吗？
（简历上写了一个TinyURL系统架构设计的博客，不知道面试官是看到了所以对这方面感兴趣，还是这么凑巧他想问一个我设计过的架构）
方案：自增ID + Base62
细节：自增ID肯定是唯一的，问题在于如何保证在分布式系统中不同节点的自增ID没有重复，使用ZooKeeper提前对号段进行划分，应用节点自行获取和内部维护
比较：MD5、UUID、自增Base62，各有优势，使用HASH的方案需要考虑冲突问题，UUID太长
大访问量的情况下这个业务怎么设计？
短链有失效时间吗？（一天内访问非常频繁，后面急剧下降）
那将生成的数据放到Cache中设置1天TTL，Cache不存在回MySQL查（这里有遗漏的点没有答好，场景下会产生大量的短链长链对应关系，数据量级也需要考虑和处理，不可能无限增长下去，面试官提问的时候有强调到，但是回答之后貌似刚好也和我一样漏掉了XD）
如果要求长域名一样的时候对应短域名也一样怎么设计？
每次回表查关系，但是这样不理想
思路是判定的时候需要查询，那么就想办法降低查询次数，没出现过的URL肯定会对应新短链，那么结合BloomFilter判定是否曾经出现过，如果出现过再回表确认真的出现还是BloomFilter的误判
有试过BloomFilter数据量比较大的时候占用Redis空间有多少吗？
很低，但是不知道具体数字（这里是个超级大坑，一面没有深究，二面的时候被追问细节，然而当初是想一二面一起复盘所以orz）
业务已经很久，数据量大，需要做分表或者归档，会怎么做？
归档貌似不行，旧数据还是要可用
分表按照业务场景，查询是围绕短链ID，根据短链ID做hash分表而不是自增ID，这里视情况可能需要设计上用短链ID作为主键
用Python里面的数据结构实现一个有序集合，思路
（答得不是很好，问到了讲的几个思路的复杂度的计算，自己打个50分不及格）
List + Dict（期望小于O(n)可以吗？）
…（求求自己回去多看看数据结构）
SkipList（真的不会，于是开始胡扯…）
写SQL：找出A表存在，B表不存在的id
写了一个NOT IN，强调性能不佳
补充一个LEFT JOIN WHERE IS NULL的方案
小表驱动大表
MySQL事务隔离级别？你们用的级别？可重复读是什么意思？
4个
可重复读
解释了一下Read Commited里面不可重复读的场景，可重复读解决了这种问题，但是会存在幻读问题;强调InnoDB中使用Next-Key Locking，在Repeatable Read中就已经解决了幻读问题，解释了一下Gap Lock和Record Lock
了解乐观锁与悲观锁吗？
描述了一下以及讲一下怎么使用乐观锁
了解InnoDB的索引实现？B+树和B树有什么区别？
B+树
高扇出性，层数少、叶子节点带指针、B+树数据全部在叶子节点，B树索引节点也存数据
SQL题：哪个SQL能用上全部索引
都是在用Python是吗？还会其他语言吗？
读书的时候写PHP，现在在学Go
对Python装饰器的理解？
（写了3行代码表达装饰器是对方法进行前置处理和后处理的夹心饼结构）
（更好的表达应该是强调将被装饰对象作为参数传递，因为它是First Class Object，同时执行前后进行额外的逻辑，最后返回）
写了一小段代码，问如何调用装饰器内部的定义的方法
写了一小段闭包的代码，问执行结果
答了一个错误的执行结果和正确的闭包概念
（我确认我是清晰理解了闭包的概念，但是思考的时候多操了一份心，又考虑了一些mutable object和immutable object的事情，结果就答错了结果，气坏了）
Python的functools和itertools有用过什么吗？Collections用到什么？
有用过，但是一时想不起来里面的方法/对象了，经常用Collections
用到defaultdict、OrderedDict、Counter等等
进程与线程
Python的多线程可以用到多核，一般多线程用来做什么，多线程多进程用的什么库？
了解HTTPS加密过程吗？讲一下握手的过程
浏览器的缓存了解多少？自己建站静态文件会加缓存吗？
编程题：Word Break和翻转二叉树
有什么问题想问吗？
对我的建议
技术分享
开源文化
一面结束之后过了几天接到HR电话，约了第二面的时间。
二面是部门负责人面，问的问题相对少一些，但是抓的细节比较多，因为自己准备的方向（有一些知识点没有太细致的见解，因为不是科班背景，所以花了很多时间拓宽知识储备的广度，相对而言深度就只针对特定方向做了准备）没有在对应的点上，所以答得稀烂。
自我介绍
介绍基本的业务
数据存储用的是什么？
项目主要的难点是什么？快照是怎么做的，增量还是全量？全部数据（指的是动态和静态数据）都做快照吗？
这些表都有多大？
讲解一些表的设计的结构，字段类型
这里面试官对我描述的表的数据行数和体积有一些疑问，于是花了一点时间探讨，按照要求对描述的表进行了数据量的计算，最后得出来的结果和我提出的体积有比较大的差异。主要体现出来平时对业务数据量的预估和设计经验不够丰富，缺乏细致和准确性。面试的时候如果这些内容和对方经验值出入比较大被质疑，不可避免会拉低面试官的评价结果。然后引起了面试官一连串的疑问，包括像如果数据量没有描述的这么大，为什么要做分区？惭愧orz
为了优化性能的话，是要控制表的大小还是控制表的行数？
Redis能够讲一下吗？
大概讲一下BloomFilter？
BloomFilter的错误率有多少？（从这里开始后面就一直爆炸了）
可以自己配置，受Bitmap长度和Hash函数影响
具体会有多大？比如要让错误率在1/10000以下？
具体和长度什么关系？和Hash函数个个数关系？
Hash函数一般选择用多少个？
（Orz这里我的理解和面试官的理解有所出入，我理解的模型是通过一个Hash函数计算出3个Bitmap需要置位的位置，而面试官认为的应该是通过3个不同的Hash函数计算出3个需要置位的位置，实际上都一样是需要计算3个置位的位置）
一段递归代码，讲输出的结果
写了正确的递归表达式，但是计算复杂度没有出结果
递推式是正确的，时间复杂度？我们学算法的时候时间复杂度是怎么算的？
（非常惭愧没有掌握计算过程，噗甩锅跨专业，一定好好补充这块的知识）
二面技术问题基本就到这里结束了，大约30分钟，毫无疑问时间太短是个Bad Smell，可能意味着面试官已经认为不符合要求，打算结束。
面试全程都在“答不上来”和“不了解”之间切换，然后就到了跟面试官聊人生聊理想的环节，主要关注出来看工作机会的目的和考虑之类的问题。最后也解答了一下我的问题，问到面试官对我的建议，那么当然就是反复强调的细节了，技术细节需要更深入了解，惭愧。
挂掉二面通话之后感觉非常糟糕，很多问题看似简单（orz实际上真的不难）没有答得对甚至就没有能答出来，需要继续加油。
二面结束几个小时之后接到了HR的电话，约了聊人生的时间。
二面和HR面都是在同一天的，有点意外因为二面的表现实在是太糟糕了，不过也可能是因为需要综合评定，所以还有后续的流程要走完。HR面也是常规的一些问题提出来要了解，以及解答疑问，就不再详细描述了。
总结
整体来说考核的难度都比较正常，不过二面里面业务的掌握程度还是有所欠缺，一面里面的一些场景设计大概也不是特别理想。所以遵从面试官的建议，需要细抠技术细节，希望能够保持学习和成长。
面试感受：Pending有点久，大概是因为赶上毕业的同学们春招
面试难度：正常，基础和业务结合
最后许愿结果满意XD
Golang开发岗
Shopee面试

ㅤ普通"
腾讯Go后端开发面经汇总,"本系列将提供腾讯Go后端岗位历年面经，所有面经都有候选人面试之后根据回忆整理而出，大家可以通过面经来复习以及看看腾讯面试难度。
为了方便大家复习，这些面试题的展示采取了右边面试题目，左边答案的方式，方便大家按需查看。
由于手机端不支持这种展示方式，当然，为了手机方便阅读，下面会贴出所有面试题答案链接，不过大家最好在 PC 电脑端阅读哈，相关面试题还会持续更新，尽量补充完善起来，建议收藏帅地的网站哦。
1. 【腾讯】Go岗-腾讯云社招
1. 【腾讯】Go岗-腾讯云社招
2. 【腾讯】Go岗-暑期暑期实习三面面经
2. 【腾讯】Go岗-暑期暑期实习三面面经
3. 【腾讯】Go岗-运营开发三轮凉经
3. 【腾讯】Go岗-运营开发三轮凉经
4. 【腾讯】Go岗-社招二面面经
4. 【腾讯】Go岗-社招二面面经
5. 【腾讯】Go岗-微保后台面经
5. 【腾讯】Go岗-微保后台面经
6. 【腾讯】Go岗-QQ三面（已拿offer）
6. 【腾讯】Go岗-QQ三面（已拿offer）
7. 【腾讯】Go岗-PCG腾讯看点
7. 【腾讯】Go岗-PCG腾讯看点
8. 【腾讯】Go岗-后台实习三面，已OC
8. 【腾讯】Go岗-后台实习三面，已OC
9. 【腾讯】Go岗-三轮超详细面经
9. 【腾讯】Go岗-三轮超详细面经
10. 【腾讯】Go岗-四轮技术面+HR面
10. 【腾讯】Go岗-四轮技术面+HR面
Go开发
腾讯面经
腾讯面试

ㅤ普通"
【腾讯】Go岗-腾讯云社招,"1.自我介绍
2.项目介绍，问的挺多的，每个项目的架构以及实现方式
3.etcd相关
是什么？如何保持高可用性，选举机制，脑裂如何解决
4.k8s相关
哪些常用组件，发起一个pod的创建整个通路，service有哪些，
一个请求到达pod的过程、configmap、 dockerfile
5.golang基础
数组和切片的区别 协程同步的方式 waitgroup和context区别 如何处理异常 defer
通用的http请求日志打印如何封装
6.tcp三次握手四次挥手 可靠性如何保证
7.redis数据类型
8.linux查看端口占用命令
7.mysql相关
存储引擎 区别 索引的种类 查询较慢的时候如何分析
8.算法
两个栈实现一个队列
1.自我介绍
2.项目介绍
3.tcp四次挥手、time_wait状态
4.linux常用命令，使用shell拆分一个ip地址
5.网络不可达如何排查，例如我当前打不开qq.com
6.k8s内部请求到达外部服务的过程
1.自我介绍
2.项目介绍（具体干啥、作用、背景、成果、遇到的问题、解决方案）
3.基础相关 tcp、udp区别、进程线程区别
4.项目相关  etcd mvcc、k8s pod之间如何通信
5.linux相关 如何排查网络问题、命令
6.个人规划
7.对于部门工作的了解（不了解，卒）
8.对自己的要求
本人小菜鸡1年golang后台开发经验
整体来说 问的不难 更多注重项目、基础 所有问题基本都是从项目中出发，牛客]保佑，希望能有hr面?
Go开发
腾讯面经
腾讯面试

ㅤ普通"
【腾讯】Go岗-暑期后台实习三面面经,"之前面了腾讯csig的后台开发暑期实习，也拿了offer，一直太懒去整理，现在还是凭着回忆写一下，希
望可以帮到一些还在准备面试的同学们吧
由于我的技术栈主要是Go，所以面试官问Go的内容也蛮多的。
1.说说Golang如何创建一个map
2.Golang的channel
3.Golang的协程有什么了解
4.有用过docker吗，说一说docker如何映射端口
5.项目中的用户鉴权是用什么实现的（jwt，然后聊了聊）
6.git如何切换分支
1.创建多个goroutine在多核的情况下是如何分配的
2.情景题：有很多个数（忘了多少了，可能几万吧）的一个文件，对其排序
3.项目用了图数据库，聊了聊它和关系型数据库的差别和优缺点
这面真记不到啥题了…不过二面后面试官发了邮件然后要我写个小项目，给了五天左右的时间吧
1.git中如何将本地项目和两个远程仓库连接（git remote）
2.问有没有学过编译原理（无），使用gcc编译出可执行文件的中间步骤
3.如果要你设计一个进程管理机制，为保存进程信息，你觉得每个进程应该创建一个包含哪些字段的结构体
4.聊项目以及项目的技术选型
大致的一个时间线是：官网上投简历两天后收到一面（直接电话然后约了下午两点），一面完当天晚二
面，然后给了五天时间写题，之后写好了发给面试官后，当天晚上三面，再过了三天hr面，hr面过了一
天就接oc了。
由于没录音所以也就记得住这些啦，希望对大家有帮助，祝大家春招顺利，早日上岸^_^
Go开发
腾讯面经
腾讯面试

ㅤ普通"
【腾讯】Go岗-运营开发三轮凉经,"背景：大三软工Gopher，与鹅厂单方面虐恋情深（bushi
自我介绍
项目相关
基础知识
计算机网络
数据库原理
Linux操作
编程语言
其它补充
自我介绍
项目相关
基础知识
计算机网络
操作系统
编程语言
其它补充
自我介绍
项目讲解
基础知识
计算机网络
操作系统
其它补充
社团自用，还被反问“有这样的需求吗”…（我明白了wzjtx…
大学生涯中最有成就感的一件事情
总结：三天三面高强度?内容和形式都比较灵活，无奈到三面的时候面试官比较看重项目落地(?，当场
懵了（不过也是之前和之后没有发挥得特别好）。结果是三面完还在初试没有变灰，没更新状态就流程
释放了。第一次面鹅厂，面试体验很不错的，组里的工作内容和技术栈我也很喜欢，因为自己的菜?
?有点遗憾吧555 (:з」∠)
Go开发
腾讯面经
腾讯面试

ㅤ普通"
【腾讯】Go岗-社招二面面经,"1.go的调度
2.go struct能不能比较？
3.go defer（for defer）
4.select可以用于什么？
5.context包的用途？
6.client如何实现长连接？
7.主协程如何等其余协程完再操作
8.slice，len，cap，共享，扩容
9.map如何顺序读取？
10.实现set
11.实现消息队列（多生产者，多消费者）
12.大文件排序
13.基本排序，哪些是稳定的
14.http get跟head
15.http 401,403
16.http keep-alive
17.http能不能一次连接多次请求，不等后端返回
18.tcp与udp区别，udp优点，适用场景
19.time-wait的作用
20.数据库如何建索引
21.孤儿进程，僵尸进程
22.死锁条件，如何避免
23.linux命令，查看端口占用，cpu负载，内存占用，如何发送信号给一个进程
24.git文件版本，使用顺序，merge跟rebase
1.项目实现爬虫的流程
2.爬虫如何做的鉴权吗？
3.怎么实现的分布式爬虫
4.电商系统图片多会造成带宽过高，如何解决？
5.micro服务发现
6.mysql底层有哪几种实现方式
7.channel底层实现
8.java nio和go 区别
9.读写锁底层是怎么实现的？
10.go-micro 微服务架构怎么实现水平部署的，代码怎么实现？
11.micro怎么用
12.怎么做服务发现的
13.mysql索引为什么要用B+树？
14.mysql语句性能评测？
15.服务发现有哪些机制
16.raft算法是那种一致性算法
17.raft有什么特点
18.当go服务部署到线上了，发现有内存泄露，该怎么处理
19还有一些非常底层的问题
Go开发
腾讯面经
腾讯面试

ㅤ普通"
【腾讯】Go岗-微保后台面经,"聊实习：
聊项目：
了解内存泄漏吗？有什么危害？
一道很简单的Go题目，Go怎么做深拷贝。
Map是线程安全的吗？怎么解决并发安全问题？
sync.Map 怎么解决线程安全问题？看过源码吗？
copy是操作符还是内置函数
slice的底层原理
map的底层原理
假设需要启动MongoDB，在linux下怎么设置只能启动一个？
现在对什么感兴趣？
Go里面一个协程能保证绑定在一个内核线程上面的。
自己搭过数据库之类的吗，比如Mongo，MySQL。
defer的执行顺序
defer A ; defer B ; defer panic(“”) A和B能不能执行到
怎么在10万个数中找最大的10个数
没有手撕没有反问
聊了一点项目：
Go切片和数据之间的区别
切片怎么扩容
扩容过程中需不需要重新写入
线程和进程怎么看
Go的协程可以不可以自己让出cpu
Go的协程可以只挂在一个线程上面吗
一个协程挂起换入另外一个协程是什么过程？
分页和分段内存管理有什么区别
内存泄漏和内存溢出的区别
假如一个数组，由10个数，现在只剩8个数，找出剩下的俩个数？这10个数是有某种顺序或者规律吗？
没有。。。。。
那不会
那就有规律把，比如1-10.
假设这个世界是重男轻女，生了女孩后一定会再生，生了男孩后就停，从概率论的角度分析一下将来这
个世界是男多还是女多
你怎么看待世界新冠疫情？
你觉得新冠疫情期间，中医扮演了什么样的作用？emmm…………….我佛了
为什么学Go
Go和C++有什么区别？
想过未来的工作嘛？
了解保险嘛？不了解。。。。。
MongoDB怎么做备份？
MongoDB怎么解决写入失败问题？
可以先来实习嘛？什么时候？
会谈一些对实习公司以及微保业务方面的了解
常规HR问题
Go开发
腾讯面经
腾讯面试

ㅤ普通"
【腾讯】Go岗-QQ三面（已拿offer）,"总结：
总结：
总结：
总结：
GM聊下来人感觉很不错，给人感觉特别舒服，或许这就是大佬吧，真大佬面试真的会给人一种很舒
服的感觉，特别像校招面阿里巴巴的一面，真的有时候会遇到那种怼天怼地自以为是的，所以找工
作运气也很重要
下周应该给我offer call，希望能达到预期
Go开发
腾讯面经
腾讯面试

ㅤ普通"
【腾讯】Go岗-PCG腾讯看点,"寻找两个正序数组的中位数
算法题：快排思路找topK
场景题：两堆大数，100亿个数和10亿个数，找交集
场景题：直播房间，一个大V发了一条消息，如何让上千万的粉丝收到这条消息，如果只是纯粹的广
播会很耗资源
select 和 epoll 的差别
C 和 C++ 的字节对齐
问学习和生活等个人信息
Go开发
腾讯面经
腾讯面试

ㅤ普通"
【腾讯】Go岗-后台实习三面，已OC,"不知道为啥腾讯周六也上班？刚面完HR面，说之后还会和前三轮面试官进行综合考虑，之后还有个[排
序，要等待2、3工作日。希望HR面不会挂，许愿一波
3.21 没有任何进展，状态还是显示HR面，希望明天能给个结果吧。。
3.22收到云证了，但是官网显示还是hr面。云证提交资料后，再次点进去看不见之前的提交记录。请问
这两种情况正常吗？
3.25已成功OC，等待意向书的签订。
在牛客看了很多面经，受益很多，今天来回馈各位，希望还没拿到offer的同学也能从中有所收获。 因为
都是凭借记忆来写的，所以可能很多都记不清了。
先说说本人的情况，普通211本科，考研二战失败，在海外一个小学校读硕士。之前本科一直没好好读
书，大部门基础知识都是考研积累下来的，接触golang一年不到。
1.自我介绍，个人情况，在学校的学习状况这些
2.项目（一个代理网关，都是用源码来实现的），balabal讲了些主要的功能以及运用的场景这些。
感觉三个面试官都对我项目中的负载这一块的设及挺感兴趣的，每个人都问了一遍，我每次都解释了好
久。介绍项目的时候讲到了怎么用代码去实现四种负载均衡机制（轮询、随机、权重、哈希），因为我
是没用使用nginx而是使用代码去实现的，所以我每种都解释一遍代码实现的原理，其中重点讲解的是 权
重 这种（讲了一大堆怎么去计算结点的权重、我是参考nginx的源码来设及的balabala)
3.接下来就是一大堆根据项目衍生出来的问题…
如果你这个网关中其中一个结点宕机了怎么办
答：我提供熔断和降级的机制，限流机制—>讲解了golang 的有关hystrix包，time/rate包。。如何去使用
你有没有对你的网关的抗压能力进行过测试？
答：apache benchmark ,golang pprof及其对应的三种使用模式：1.报告 2.web界面 3.终端  之后还提了
他的可视化界面以及可以生成火焰图这样
4.hashmap的实现
每次面试官提到这个我都会扯到golang 的map上去，因为golang的map就是用hashmap来实现的，其
中要注意的点有：golang map底层源码的数据结构，键值对是怎么存储的，发生了哈希冲突怎么处理
的，扩容的时候底层的原理和做了什么
5.golang slice 和array
底层的数据结构，他们的区别是什么，超过大小时发生扩容，他底层的原理是什么
6.golang goroutine的工作原理以及他们怎么进行数据交互的—>最简单的就是channel,还
有…balabala，然后channel的底层源码也大致说了一遍
7.golang gpm模型工作机制以及流程
8.进程线程区别，以及多进程多线程的使用场景
9.mysql主从复制以及好处、工作原理和机制
10.mysql引擎，索引数据结构，为什么用b+树不用别的
11.最近在看哪方面的书，你给我讲讲
12.写2道算法题
第一道：
汉明距离
第二道：
单词倒序并且大小写互反：例如：”heLlo WolRd” 转化为 “HElLO wOLrD”
13.反问
1.自我介绍，学习状况balabla类似的
2.写一道题
二叉树最近公共结点的祖先
3.项目，和第一面问的都差不多，所以很多细节我都省去了，可以参考我上面写在一面里的
很多源码以及底层的实现原理：
4.golang slice底层实现，使用场景
5.golang map底层实现，使用场景
6.golang interface底层实现，使用场景
7.golang类型断言，怎么用
8.golang写好程序编译的时候，底层的数据是怎么传递以及存储的（这一点我没答好，因为我不太懂）
这时候面试官问：我看你本科是安全专业的，对这方面了解如何  答：不太了解，个人方向是开发  面试
官：那我就问你几个计网的问题吧
9.golang gpm模型以及工作机制一大堆
10.golang测试相关的以及你怎么平时怎么测试的balabala
11.http四次挥手+timewate
12.https流程以及证书的发放
13.linux怎么查找的时候排序好像（记不太清了，还有一些其他的linux的问题
14.mysql索引底层数据结构，红黑树
15.64匹马选最快的4匹
16.最近再看哪方面的技术，你给我讲讲
17.反问
也不知道是hr还是三面面试官，中午12点多打电话来了，跟我约三面时间，我说今天下午就行，他说那
就3点吧
感觉到了大boss这一轮的话，肯定不会像之前问的那么细
1.自我介绍，学习情况，要是过了能什么时候来实习啊，实习多久balabla一大堆
2.面试官：我看你们的课程好像蛮有意思，你说说你们都教了什么东西
3.项目—–>项目的使用场景啊，能不能适用于一个高并发量的场景啊balabala，其中我还画了图给面试
官讲解了项目的工作流程啊还模拟一个轮询机制，以及画图描述了怎么选择下一个结点balabala(问了一
大堆相关的场景题，我这里有点记不清了，这里问了好久，感觉问了有30分钟左右）
4.反问
周六HR好像还在家里加班?
1.自我介绍，学习状况balabala
2.问：为什么gap了一年，答：考研二战  追问：第一次考的哪balabala
3.问：最近还在面什么别的公司  答：字节、阿里 追问：怎么选择，肯定要说腾讯好啊balabala一大堆，
这里说了好久，感觉有15分钟（我是真心觉得腾讯更好?
4.问：最近在看什么书，生涯规划是怎样的，以后想从事哪方面
5.问：你实践经历不多，你觉得你有什么优势能胜任这个岗位 答：balabala 追问：你能用几个例子来说明一下吗，学习生活上的都行  答：balabala  追问：你能再举个例子吗
6.问：什么时候入职，能实习多久
7.反问
一周内结束了所有的面试感觉还是有点累的，这一周一直都是一种紧绷的状态
这一个月也是面了好几家，感觉面试官都希望去问底层的源码（map的源码最重要，map的源码最重
要，map的源码最重要，重要的事情说三遍！）几种数据类型的源码一定要看，时间多的话可以看看gin
的源码或者sync.map的源码（这些我都准备了好久，但是都没被问过）
golang的测试相关也一定要注重，我面阿里和腾讯都被问到了怎么去写测试以及测试用的工具和方法
其他的重点内容属于计算机基础课程拉，我就不多说了，主要是自己也记不太清了，想起多少就写多少
吧  ????
最后希望大家能从中有所收获，努力一定会有回报的！
Go开发
腾讯面经
腾讯面试

ㅤ普通"
【腾讯】Go岗-三轮详细面经,"更新 9月22日 意向书
更新 9月7日云证 状态更新已完成
老天保佑别有什么幺蛾子 不然我哭死?
太不容易了 今年优图没hc 腾讯实习了个寂寞 但是没想到提前批还挺顺利（毕竟面试部门缺人 加班到妻
离子散
磕磕绊绊地复习 其他大厂都秒挂 只求去tx加班了
发个1~3面+hr面的面经，顺便求hr面顺利早日oc！
本人java选手，实习是python，腾讯要求go。
1、问实习项目（没细问）
2、问go的掌握程度
3、网络
（1）TCP第四次挥手客户端的状态
（2）大量time_wait会有什么问题，time_wait的时候能不能有别的客户端来请求服务器的服务
（3）TCP全连接和半连接队列（不会）
（4）滑动窗口已经发送序号为1、2、3的包，此时接收端发送ACK=4，问滑动窗口是否会移动？
（5）http状态码
（6）https的握手过程，双方通信是非对称还是对称
（7）你知道什么加密算法（不知道）
（8）（nginx）负载均衡的几种方式
4、操作系统
（1）孤儿进程、僵尸进程
（2）进程的通信方式
（3）进程的调度方式（最短作业优先的缺点）
（4）你用过什么linux命令（我就说了ps -ef|grep xxx哈哈哈）
5、数据库
（1）一般用什么数据结构作索引，为啥
（2）实际项目中数据库的使用程度
（3）你知道乐观锁和悲观锁嘛
6、算法题
搜索旋转排序数组（lc原题）
1、问实习项目
2、操作系统
（1）怎么创建进程/怎么运行sh文件/怎么创建后台进程（说了nohup，问了nohup和普通终端运行的区别）
（2）怎么看进程的状态（具体信息）
（3）文件读写权限对应的数字（chmod，不会只知道777）
（4）你知道父进程和子进程嘛？fork()？
3、计算机网络
（1）http状态码（304不会）
（2）301和302的区别
（3）cookie和session的区别
4、数据库
（1）怎么给已经建好的表的字段创建索引（不会）
（2）你了解数据库的什么东西？（说了索引和事务）
（3）事务是怎么实现的？（应该说日志的….）
（4）事务里对哪些数据上锁
（5）数据库删表的方式（delete和truncate的区别，不会）
（6）数据库乐观锁的实现
5、算法题
寻找走到右下角的可行路径，并输出路径结果，有障碍物，四个方向都能走。
1、问实习项目
2、对自己的评价？
3、base的倾向？
4、将来的发展规划？
5、算法题：最短路径和，直接牛客上的输入输出。
6、反问环节
1、问实习
（1）为什么没转正
（2）实习做了什么
（3）实习的难点是什么
（4）平时会跟mentor沟通嘛
（5）从同事那里学到了什么
（6）会做复盘嘛？
2、问未来规划
3、问会自己去学习一些什么技术嘛
4、问哪里人，base倾向
5、有家人在腾讯工作嘛？爸妈是干嘛的？爸妈支持你的工作嘛
6、问实习部门的工作强度，对加班怎么看（暗示加班咯）
7、问还有啥别的公司在流程中
反问：
1、顺利的话之后要多久出结果，答3~5个工作日
2、工作强度，答目前有很大的发挥空间，不如其他电商产品那么成熟细致，分工明确
我相信tx是爱我的！
Go开发
腾讯面经
腾讯面试

ㅤ普通"
【腾讯】Go岗-四轮技术面+HR面,"背景：大三软工Gopher，清明假后突然被捞，开启滨海意难忘2.0
自我介绍
项目相关
算法相关 (PS: 没有手撕，只讲思路)
基础知识
自我介绍
项目相关
算法相关(PS: 没有手撕，只讲思路)
基础知识
其它补充
自我介绍
项目相关
基础知识
其它补充
自我介绍
基础知识
其它补充
总结：六天已经过去可以迎来全剧终吗，许愿OC啊啊啊（4.23 速来还愿，今天下午OC啦~肥肠感谢牛
客！)
Go开发
腾讯面经
腾讯面试

ㅤ普通"
字节跳动Go岗开发面经汇总,"本系列将提供字节跳动Go岗历年面经，所有面经都有候选人面试之后根据回忆整理而出，大家可以通过面经来复习以及看看字节跳动面试难度。
为了方便大家复习，这些面试题的展示采取了右边面试题目，左边答案的方式，方便大家按需查看。
由于手机端不支持这种展示方式，当然，为了手机方便阅读，下面会贴出所有面试题答案链接，不过大家最好在 PC 电脑端阅读哈，相关面试题还会持续更新，尽量补充完善起来，建议收藏帅地的网站哦。
1. 【字节跳动】Go岗-秋招后端提前批
1. 【字节跳动】Go岗-秋招后端提前批
2. 【字节跳动】Go岗-后端高频面试题
2. 【字节跳动】Go岗-后端高频面试题
3. 【字节跳动】Go岗-懂车帝的后台日常实习
3. 【字节跳动】Go岗-懂车帝的后台日常实习
4. 【字节跳动】Go岗-后台开发社招面经
4. 【字节跳动】Go岗-后台开发社招面经
5. 【字节跳动】Go岗-热乎的后端面经(四轮已拿offer)
5. 【字节跳动】Go岗-热乎的后端面经(四轮已拿offer)
6. 【字节跳动】Go岗-被data系统架构部门捞起来了
6. 【字节跳动】Go岗-被data系统架构部门捞起来了
7. 【字节跳动】Go岗-社招三轮附学习感想与经验
7. 【字节跳动】Go岗-社招三轮附学习感想与经验
8. 【字节跳动】Go岗-教育业务后台开发
8. 【字节跳动】Go岗-教育业务后台开发
9. 【字节跳动】Go岗-data后端暑期实习
9. 【字节跳动】Go岗-data后端暑期实习
10. 【字节跳动】Go岗-抖音后端实习
10. 【字节跳动】Go岗-抖音后端实习
Go开发岗
字节跳动面试

ㅤ普通"
【字节跳动】Go岗-秋招后端提前批,"岗位：后端开发工程师
地点：杭州
主要还是在聊项目，没有考别的基础知识了
总的来说，面试的时候还是有很多的不足，每次面试都是一次学习的过程。
Go开发岗
字节跳动面试

ㅤ普通"
【字节跳动】Go岗-后端高频面试题,"三面体验很差， 先是面试官迟到，后来面试官说中途离开10分钟，结果离开了一小时还没回来，然后我找到hr，发现他去开会去了，hr说这次面试结束。 第一次遇见这样面试的。三面后是hr面，感觉hr很傲慢，可能是我要的有点多，又加了一面技术面四面。
Go开发岗
字节跳动面试

ㅤ普通"
【字节跳动】Go岗-懂车帝的后台日常实习,"背景：
研一，非科班，Top2；
之前一直不知道以后做些什么，疫情期间和其他人交流之后决定走开发，大概开始学习是6月上旬；
在同学的怂恿下投了懂车帝的后台开发日常实习，每天就一直在疯狂地刷题、看书、看面经，因为实在不太自信；
慌手慌脚地就投了，突然就要开始面试了，其实自己知道还缺不少斤两。
技术栈主要是 Go，项目写了简单的网站、简易的分布式缓存、实现了 Raft 协议；
然后力扣刷题大概刷了 200 题，主要是树、双指针、剑指和其他一些乱七八糟的，
其实刷的题目都比较简单，高中学过竞赛可能会稍微熟悉一点（其实早忘光了）；
个人前一个月主要在补操作系统、计算机网络之类的知识；
看的东西比较多，但是都不深入，导致面试问啥能讲点但是深入就 GG。
字节的效率太快了，快到我措手不及，傍晚投完简历晚上就过了，第二天大睡午觉的时候 HR 电话过来要约面试；
而且前一天晚上吃了冰西瓜几年没发作老肠胃病怒犯，凌晨就去医院挂水了，属实惨；
也就是说面试前的准备时间，基本用来磨磨蹭蹭恢复身体上了，而且也就两天时间。
自我介绍，非科班问了一些问题，为什么转开发；
算法：
两数之和，讲了 O(n) 时间的算法，再改用 O(1) 的空间，用快排排序，问了时空效率，让改成非递归快排；
进程和线程的区别；
进程间通信的方式；
TCP 连接的客户端和服务端状态。
自我介绍，问了非科班的问题，学习和规划是怎么做的，和科班比有哪些不足，之类的；
LRU 算法里面，键值的存储形式，值 interface；
interface 不是个好的形式，会导致 GC 压力大，为啥，那用什么形式比较好；
goroutine 里面 panic 了会怎么样；
map 是否是并发安全的，不是如何做到，还有什么其他方法；
不加锁并发读写 map 会出现什么问题；
redis的数据类型；
redis的 zset 底层是如何实现的，zset 根据 member 查询 score 的效率，zset 获取排名的效率；
raft 解决了什么问题；
raft 脑裂是怎么解决的；
提出一个场景，根据 raft 协议接下来会怎么样；
虚拟内存的概念，为什么要保护物理内存；
页面置换算法；
session 和 cookie，为什么用 sessionId 不用 uid；
算法，给出字符串和字符，等概率地输出一个字符所在的位置；
再写个 SQL 查询。
体验：
一面很快就结束了，非递归快排没见过但是也能很快写出来，然后空间效率也算出来了。
二面还是比较难，不少是从项目延伸开来，然后更加深入和更偏工程化，经验不足的就答不上来，倒是 raft 可能讲得比较详细；
操统和计网的知识没怎么考察，Go 的考察了但是正好没准备到，之前看过忘了；
算法题偏数学了，没抽象出来，提示了一下发现高中甚至初中时候绝对碰见过，还是想不出来，再交流突然就抽象出来了。
个人感觉字节的面试可能还是比较少看你背书的情况；
最好就是能以自己的语言讲出来，尤其是项目的问题，要有自己的理解，最好再越过本身更深入一些。
两次面试间隔很短，确实还是蛮耗体力的，尤其是知识水平不够答不出来的时候，挠挠头皮硬撑过去；
二面真的是发现自己还缺太多东西，然后面试官也很好，给我讲了好多需要努力的地方，然后鼓励我好好加油，还问了之后的规划。
总结就是面试体验极好，感谢面试官，而且还是能认识到好多不足的地方，以后继续加油，再许个愿！！！
Go开发岗
字节跳动面试

ㅤ普通"
【字节跳动】Go岗-后台开发社招面经,"1、请详细描述三次握手和四次挥手的过程，要求熟悉三次握手和四次挥手的机制，要求画出状态图。
2、四次挥手中TIME_WAIT状态存在的目的是什么？
3、TCP是通过什么机制保障可靠性的？（从四个方面进行回答，ACK确认机制、超时重传、滑动窗口以及流量控制，深入的话要求详细讲出流量控制的机制。）
4、描述线程、进程以及协程的区别？
5、GO语言中的协程与Python中的协程的区别？
6、网络IO模型有哪些？（5种网络I/O模型，阻塞、非阻塞、I/O多路复用、信号驱动IO、异步I/O）
7、I/O多路复用中select/poll/epoll的区别？
8、客户端访问url到服务器，整个过程会经历哪些？
9、描述HTTPS和HTTP的区别。
10、HTTP协议的请求报文和响应报文格式。
11、HTTP的状态码有哪些？
12、描述一下redis有哪些数据结构。（基础的数据结构有5种，String/List/Hash/Set/Zset；高级数据结构有：HyperLogLog/BitMap/BloomFilter/GeoHash）
13、面试官还问了BloomFilter的原理以及Zset的实现原理。
14、MySQL场景题目（面试官提供场景，要求写出查询SQL，考察联合语句，如何分页以及复杂语句的优化）
15、裸写算法：树的非递归先序遍历。
1、先详细介绍最近的项目，之前项目经验里写了一个分布式的项目，面试官着重讨论了这个项目的实现方案，引申出分布式事务以及分布式一致性等问题，同时会要求在当前项目的基础上附加条件，要求提供解决方案。
2、还问了一些API业务的架构问题，负载均衡、CDN、DNS等问题。
3、也问到了HTTP相关问题，要求描述HTTP的版本之间的区别，主要是1.0/1.1/2.0三个版本的区别。
4、裸写算法：回行矩阵遍历。
1、首先也是考察项目经验，但是着重系统设计，会抽一段之前的项目经验(跟二面的经验肯定不同)，要求你描述目前的方案，以及缺点。
2、要求模块化，如果要求对目前系统做微服务架构，如何进行服务的拆分，拆分的规则是什么，考察微服务架构相关知识，服务治理（限流、降级、熔断）。
3、裸写算法：二叉树多个节点的最近公共祖先。
Go开发岗
字节跳动面试

ㅤ普通"
【字节跳动】Go岗-热乎的后端面经(四轮已拿offer),"个人情况
211本 工作两年半 一直在写C++
面试部门
字节跳动上海穿山甲团队
面试时间
10.20-11.14
算法题：LRU缓存实现，要求set\get操作o(1)时间复杂度，leetcode有原题
技术问题：
算法题：一个N位数K，从N位中去掉M个数字，使剩下的数字最大，leetcode有类似题
技术问题：
算法题：单链表排序
（聊了很长时间的项目经验，问了啥问题已经是想不起来了…）
技术问题：
算法题：二叉查找
技术问题：
Go开发岗
字节跳动面试

ㅤ普通"
【字节跳动】Go岗-被data系统架构部门捞起来了,"投了武汉字节，简历挂
被北京data系统架构部门捞起来了
基础：
设计题：
算法题：
主要问的项目
与项目无关的基础：
高等数学：
算法题：
更新一下，今天拿到offer辣！
Go开发岗
字节跳动面试

ㅤ普通"
【字节跳动】Go岗-社招三轮附学习感想与经验,"简单介绍下背景：本人已工作两年，这次属于社招，不是校招哦！投递的岗位base是北京。
算法题：
给出两个 非空 的链表用来表示两个非负的整数。其中，它们各自的位数是按照 逆序 的方式存储的，并且它们的每个节点只能存储 一位 数字。
如果，我们将这两个数相加起来，则会返回一个新的链表来表示它们的和。
您可以假设除了数字 0 之外，这两个数都不会以 0 开头。
示例：
输入：(2 -> 4 -> 3) + (5 -> 6 -> 4)
输出：7 -> 0 -> 8
原因：342 + 465 = 807
算法题：
给定一个数组代表股票每天的价格，请问只能买卖一次的情况下，最大化利润是多少？日期不重叠的情况下，可以买卖多次呢？
输入: {100, 80, 120, 130, 70, 60, 100, 125}
1）只能买一次：65（60 买进，125 卖出）
2）可以买卖多次: 115（80买进，130卖出；60 买进，125卖出）
输出买卖的序列和最大利润
自我介绍；
介绍项目情况，重点说了近一年的工作项目的大概；
研究生在校的研究内容之类的，比较杂；
项目中的技术亮点：了解几个，面试官貌似对这些也不是很感兴趣，这估计也是后面他觉得我没有成长的原因吧，可能认为这些东西我在之前就应该都学会了的；
实现简单令牌桶算法，没有考虑随时间滑动的情况；
加强版：令牌桶，加上随时间滑动的要求，即：限制用户在任一连续的一小时内，不能超过5W的请求。这边提到了说将一小时分成多格，比如60格这样的，面试官点头貌似同意了，然后就实现代码了，包括协程异步更新时间窗口；
没有基础知识问答；
没有算法题；
三面反问环节，问：我咋样？（措辞是： 这简短的面试交谈过程中，您觉得我咋样？）
面试官说，我这一年来成长不大，几乎没变化，可是我觉得这一年来才是稍微有点儿进步的呀。
不过，经过这么一问，觉得反问环节也挺有意思，以后如果再有面试，反问环境可以多问些面试官关于我们自己的评价和看法，比如：上面说的您觉得经过这一小时的交流，我整体怎么样？如果像上面的面试官说最近一年进步不大，那么应该继续追问：那您觉得应该向什么方向去深入学习和思考比较好呢？态度诚恳一点就行，作为面试官人家还是乐意帮你指出不足之处的。
而上述的两个问题：我咋样和如何改，抛开offer不谈，这两个问题我觉得可以说是正常面试最大的收获了。而面试之前准备的那些知识毕竟比较零散，还是需要靠平时的积累来巩固。面试最重要的是让他人来评价你，以前没反问这两个问题的时候，这些评价人家面试官基本不会主动告诉你，只会整理一下然后录入到公司的人才管理系统，以供后续评价。但你现在反问一下，就可以得知这两条信息，这些评价信息对你来说才是最有用的，放在公司它只是大量候选人评价数据中的一份，可有可无。但对你来说却是个宝贵的信息，你可以据此从别人的视角来审视自己，这种换个角度的审视比自己平日里思考写总结来得客观。毕竟你表现出来的才是客观的，内在的其他没表达出来的方面只能说你表达能力不行，也是种缺点，需要反思之一。          如果没有进行这样的反问，就不能更加全面的得知别人对你的看法，也就错过发现自己弱点和改正的机会，以前面试反问环节都是傻傻的问一些没多大意义的问题。今后应当多注意，要懂得跟面试官“要回”属于你的那份评价信息。
以上就是面试过程中涉及的一些内容，属于流水记账式的列了一下，下面谈谈一些感想吧。
上述的感想也是比较离散、杂碎。还想再分享一下个人的一些学习经验，欢迎交流指正，正文如下。
技术面结束之后，今后对于基础的知识的学习可能没有这几天这么紧凑了，短时间填鸭式的学习大脑有点忙，不过这种感觉也还行，接触到了新知识有点成就感。当你在浏览面经的时候，里面提到的问题你觉得你都会了，是不是也有种自我肯定的情绪呢。
不过，面经里面提到的知识都是比较分散的，毕竟在那么短的面试时间内，面试官也只能随机抽样的检查，没时间做太全面的交流。这也导致我们看面经的时候都是比较分散的知识点，所以需要在今后，持续的学习，每段时间都专心研究某个知识系列，系统性的学习比较有效果，也比较全面。比如MySQL、Redis、ZooKeeper、MQ、JVM、OS、网络、算法等。
就算法来说，它是需要长时间的积累，短时间内的突击效果不是特别大，也累。所以今后对于算法的学习可以这么来：每日一题、或者之前做过的题目每天拿一两题出来再做一遍，重新思考，深入的多看看题解体会体会，不再是赶时间的去冲量。学会总结，理解每个算法与数据结构的含义，时间久了就能做到不变应万变。
另外，算法大部分还是属于背诵题，不少题目把模板写出来就完成的差不多了，只需要把细节处理一下就差不多了。时间久了，这些模板题就变成条件反射，此时对高级的数据结构也会有进一步的了解，思考速度和解题能力都有所进步。
OS和网络也差不多，这三者属于平日工作都很少直接能够体现出来的知识，平日工作用得少，又没去复习时间一久就会忘记，  用进废退，  人之常情嘛。所以才像上面说的，应该要坚持每日一题、或者时不时挑一些做过的题目重新做做，主要是为了保持手感，而做过的题目拿出来再做一遍也不会花太多时间，这样在日常工作之余也比较容易坚持下来。通过这段时间的面试准备，算是把算法入门，找到刷题的状态了，此后应该如上所说，坚持每日复习做做老题，偶尔周末时间充裕跟着“每日一题”做做新题，保持下去。
说回OS和网络，这类知识对于逻辑思维的要求没有算法题那么高，算法题属于“CPU相当密集型”，不练就不会。而OS和网络这类可能更多的是理解之后带点记忆的知识，做点输出存到笔记或者博客，定期来回顾回顾就行，属于“轻微IO密集型”，看完之后一段时间，也多少还有些印象，能够知个大概。每两年重看相关书籍，复习一下就可以巩固。
整个计算机体系，包括底层硬件组成原理、再上的操作系统和网络，这些之间其实都是有逻辑关系在的。可以OSI七层或者TCP/IP四层模型来看，它们就是个整体，全部理清之后，在大脑内可以存在相当长的时间。日常工作和生活中，只要遇到计算机相关的问题，大多都可以从这个整体来思考，这种思考也算是种回顾复习。
相比而言，算法算是比较离散的，排序、BFS/DFS、DP等之前的联系不是特别的紧密，至少没有像上述OSI七层
关于今后保持基础知识学习的想法，首先算法就如上述所言，每日一题、或者做过的题目重做，这样是为了不给本来就忙碌的工作日增加太大的压力，用简单的算法题来放松放松就行，搞几个AC找找成就感。
而对于基础知识，前期打算继续多翻阅翻阅面经，以面经中的题目为切入点，来复习（好像技术博客首页的文章也是个不错的切入点）。复习过程中再由点及面的去谷歌各种不明白，每个疑问点在输入谷歌之后，一次性多打开几个页面，多看多对比然后结合整理自己的理解，输出到日记或者博客中。比如，最近看到个比较经典的题目是MySQL的隔离级别，这个问题谷歌一搜，大部分都有提到MVCC、当前读、快照读、行锁、间隙锁，都什么知识啊，反正对于工作经验尚浅的我来说，已经触及到知识盲点了。也好，这些点都记下来，一个也别想跑，然后再分别谷歌这些知识点，可能又会引出一些更加底层的、你没见过的知识点，也没关系，继续记录继续搜。
今后可能又会看到MySQL索引相关的面试题，搜这个的时候，也许会碰到MyISAM、InnoDB、B/B+树、磁盘IO块与系统页、主索引与辅助索引、m叉树的分裂与合并……之类的，这样对MySQL的认知又多了一些。过些时日，你可能想着完整的去学一遍，这时候买本《高性能MySQL》来看，而且你之前学到的隔离级别、索引它里面都提到了，并且更加全面和仔细，从基本概念的出现到最终的常用场景，都给你列出来了。
上述之所以要先从面经题目切入学习是因为个人在看书的时候，总有种大而全的感觉，书毕竟比较理论，面面俱到，有用的没用的都会列出来。而面经上的题目是面试官结合当下工作内容提出的，有可能就是他最近工作中遇到的问题，直接抛给你看你怎么思考。那么这种面经题目就比较有意思，贴合实际工作，能够更好理解，经过面试官这么一折腾印象也更加深刻。这种零散的知识点学的差不多了，再来看书，就比较有感觉，知道书中哪些地方是重要知识，哪些地方其实没那么实用作为了解即可。
其实，日常工作中不管是用到的知识，还是遇到Bug，所涉及的知识点也是比较随机离散的，类似上面浏览面经过程中遇到的问题，看缘分。而在项目排期不那么紧的时间段里，找本书系统化的把之前的碎片化知识点串起来，就很有必要了，既是总结也是巩固。
关于学习的另一个观点：任何事物都是从小发展到大，学习的时候应该从它过去小的规模，跟着时间推移发展壮大，逐步去了解。比如学习Linux内核可以从早期低版本、JVM、Spring也类似，早期规模小，结构相对简单，比较容易理解。再逐步的按照发展需要，增加各种功能模块，直到当前最终版本。这样的学习路径可以清楚的知识系统中各个模块的由来与作用，也能够知道哪些是基础重要模块，而哪些是为了解决历史特定问题的模块，理清主线。
再举个例子，前些时候看到一篇关于限流的文章。文章一开始先从简单计数谈起，对于早期应用来说，简单的计数算法确实够用，后来随着业务的发展细化，简单计数粒度不够细，所以需要有类似滑动窗口这种效果的限流，也就衍生出了令牌桶和漏桶两种限流算法。
最后放上一个不错的记忆法——艾宾浩斯记忆规律，嗯就是小时候书上介绍的那个。新知识学习之后，分多次，每次不同间隔的去复习，大概十来次就能较好的将短期记忆转化为长久记忆了。而且学过之后，第二遍开始重新复习就简单多了，因为都理解过并整明白了，再重新复习更容易，更快，更省时。
之前考研的时候，背单词就隐约有用到这种方式。整本单词书，第一遍先花个三个月背一遍。之后，第二遍开始就越来越短，越来越快(这都什么虎狼之词)。前些时候背诵《道德经》也是类似，用了个APP，把每天背诵好的篇章截个图放到这个APP中，然后它会根据艾宾浩斯曲线的规律节点，定期提醒你复习。你要做的就是当它提醒的时候，打开快速默念一遍，默写一遍就可以勾掉了。还是那句话，第二遍越到后面，所花时间  就越来越短，越来越快。
以上，关于是学习方式和记忆方法的一些经验分享。最后再说句，任何工作和学习都是需要背诵记忆的，以此为基础来进行创作、推理和总结。比如何洁，他也是背过了大量的棋谱之后，再结合自身的想象力和逻辑能力，才有精湛的棋艺；比如钢琴家，也是需要背大量的琴谱、***，之后基于此再结合生活经验和灵感，来进行创作。巧妇难为无米之炊，脑中记忆的内容就是我们的大米，只有拥有大米，才有做出香喷喷的米饭的前提。并且大脑擅长的就是记忆，他就像是缓存，之前推理过的经历过的直接缓存在大脑中，之后如果再次遇见，直接查出来返回即可。
所以还要再啰嗦的说下关于人尽皆知的记忆方法，是想强调任何学习和工作，它首要做的就是先去记忆，背一些概念。所以学习新知识的时候，遇到太多的概念不用慌，先背下来，背不住的就记在小本本上，常回顾。背到一定量之后就能产生质变，之后各种脉络也就慢慢打开了。
加油，米娜桑！
Go开发岗
字节跳动面试

ㅤ普通"
【字节跳动】Go岗-教育业务后台开发,"1月28日 这次的二面结束后，面试官立马就安排了三面，一共持续了110分钟左右，以下问题是二面和三面的问题合集
TCP连接全过程；三次握手过程；二次握手行不行；TCP四次挥手过程；TCP的重传；
浏览器输入URL到渲染页面的全过程；
TCP拥塞控制方法；什么是TCP连接复用；TCP滑动窗口，发送窗口，接收窗口；
如果让你来实现客户端和服务端文件发送和接收的进度条，你会怎么实现；（我说的是通过已发送的字节数比上总字节数来实现进度条）；面试官接着问，你是如何判断已经发送的字节数的呢（我说通过tcp报文中的序号字段）
进程间通信方法和线程间通信方法
手写了两个SQL的查询。用到了order by, limit, having, count, avg, desc这些关键字；面试官问，SQL查询语句中关键字的执行顺序是什么
SQL查询语句是怎么查询的，即执行查询语句的过程
MYSQL的事务隔离级别；MYSQL ACID；MYSQL索引，主键索引，普通索引，唯一索引，回表；普通索引与唯一索引的区别；MYSQL最左匹配原则；
给你一个场景：有很多个人，数据库里存了他们的姓名，性别，年龄，问你用什么作为索引查询更快；
DNS的过程，DNS劫持是什么；
POST与GET的区别；
64匹马，8条赛道，问最少几次赛跑可以找到最快的4匹马
手写代码： 1. TOPK算法，找出一个未排序数组中第K大的数；
2.求一个二叉树中两个节点的最近公共父节点；
3.实现一个队列的数据结构，底层用定长数组来实现（我用Go,面试官让我用Slice实现。由于我用到了Slice的复制数组操作，面试官说不能使用复制操作，目的是考查使用环形数组来实现队列）
讲自己的个人项目，面试官会抓住其中几个点问问。
2月9日，收到 offer call !!!，成功拿到offer，各位朋友也加油!!!
Go开发岗
字节跳动面试

ㅤ普通"
【字节跳动】Go岗-data后端暑期实习,"22届暑期实习。二月末就投了，约的晚一点面试，多准备一下，就到3月末了。
一面结束后，直接进行二面
二面当晚约了hr面，效率属实高。
聊日常学习，校内情况，介绍了项目和难点，个人优缺点等
Go开发岗
字节跳动面试

ㅤ普通"
【字节跳动】Go岗-抖音后端实习,"（上面是现在能想起来的了，之后想起来会加）
leader面的，看着就很强
问我了不了解redis的底层实现（我不知道这个）
然后面试官相当于带着我推，推的过程中重要讲的是skiplist以及skiplist的modification等等。
算法题问的是LRU的缓存机制。
三面结束过了几天hr面确定给offer了….
Go开发岗
字节跳动面试

ㅤ普通"
阿里巴巴Go岗开发面经汇总,"本系列将提供阿里巴巴Go岗位历年面经，所有面经都是候选人面试之后根据回忆整理而出，大家可以通过面经来复习以及看看阿里巴巴面试难度。
为了方便大家复习，这些面试题的展示采取了右边面试题目，左边答案的方式，方便大家按需查看。
由于手机端不支持这种展示方式，当然，为了手机方便阅读，下面会贴出所有面试题答案链接，不过大家最好在 PC 电脑端阅读哈。
相关面试题还会持续更新，尽量补充完善起来，建议收藏帅地的网站哦。
1. 【阿里巴巴】Go岗-淘宝事业部社招
1. 【阿里巴巴】Go岗-淘宝事业部社招
2. 【阿里巴巴】Go岗-阿里云实习
2. 【阿里巴巴】Go岗-阿里云实习
3. 【阿里巴巴】Go岗-新鲜的大厂面经~
3. 【阿里巴巴】Go岗-新鲜的大厂面经~
4. 【阿里巴巴】Go岗-秋招六轮
4. 【阿里巴巴】Go岗-秋招六轮
5. 【阿里巴巴】Go岗-后端社招面试经历
5. 【阿里巴巴】Go岗-后端社招面试经历
6. 【阿里巴巴】Go岗-非科班菜鸡的实习
6. 【阿里巴巴】Go岗-非科班菜鸡的实习
7. 【阿里巴巴】Go岗-春招实习阶段性总结（已OC）
7. 【阿里巴巴】Go岗-春招实习阶段性总结（已OC）
8. 【阿里巴巴】Go岗-后端一二三面凉经::>_<::
8. 【阿里巴巴】Go岗-后端一二三面凉经::>_<::
9. 【阿里巴巴】Go岗-阿里云实习面经
9. 【阿里巴巴】Go岗-阿里云实习面经
10. 【阿里巴巴】Go岗-暑期后端开发
10. 【阿里巴巴】Go岗-暑期后端开发
Go开发岗
阿里巴巴面试

ㅤ普通"
【阿里巴巴】Go岗-淘宝事业部社招,"自我介绍
1.mysql的索引都有什么，说说区别（mysql不熟，说pg的）
2.用户在网页上输入一个url后发生了什么
3.讲讲https的过程
4.讲讲tcp 4次挥手过程
5.客户端4次挥手后处于什么状态，为什么是2msl
6.redis常用数据结构
7.java熟吗（不熟….）
8说说线程进程协程区别
9算法题：n个小朋友手拉手围成一个环，1-3报数，报到3的退出，最后剩下的是的小朋友的下标
10.提问环节
自我介绍，项目介绍
1.上来先说整体流程，前30min候选人主讲项目，面试官会有打断，后面时间是算法题和提问环节
2.先怼项目：
1）为什么要自研批处理程序，不用flink或spark streaming什么的
2）flink了解吗（不了解）
3.你们这项目好多单点，为什么不做高可用考虑（我能说海外小公司，没时间搞吗）
4.Raft协议的论文有看过吗，大体讲讲，还问了个什么细节记不清了，也没答上来
5.Gossip协议了解吗，说说原理和使用场景，为什么不能用它做主从选举
6.redis整体架构说说
7.redis的主从切换流程
8.用redis实现分布式锁有什么潜在的问题
9算法已经没时间了，而且前面被怼的不行，题主当时处在一个懵逼的状态
10.提问环节
Go开发岗
阿里巴巴面试

ㅤ普通"
【阿里巴巴】Go岗-阿里云实习,"40 min
自我介绍
项目
缓存穿透
分布式缓存：如果客户端想保存热点数据，如何设计？
热点数据如何从存储节点同步到客户端？是推送还是拉取？
更新数据库，如何保证缓存一致？
MySQL binlog
介绍一下go
go 的调度模型
介绍了一下部门
最近学习的东西
在线写一个LRU
如何加锁
50 min
在线写hashmap
介绍项目
http 请求和响应头
https 建立连接的过程
go GC
对阿里的看法
给了建议，代码细节需要多注意，平时要多做单元测试
60min
自我介绍
项目
服务注册中心
有没有做过被实际应用的软件项目
熟悉的技术
mysql为什么用B+树
如果硬盘的随机访问性能大幅提升，mysql 的存储结构能否优化
其他的存储结构？哈希表怎么存？
用哈希的方式，增删改查相比B+树有什么区别？
介绍项目组
三面结束后正好2周才联系hr面
自我介绍
读研吗
介绍一下校内成就？paper，奖学金，竞赛？
介绍技术栈
为什么选择golang
如何平衡学业和学习技术的时间
遇到技术难题怎么解决
倾向的城市？
还投了其他公司吗？流程到哪了？
期待在实习过程中获得什么
倾向哪种类型的公司？
生活中特别down的时候怎么调节
后续
hr面之后第二天就收到意向书了
许愿offer
Go开发岗
阿里巴巴面试

ㅤ普通"
【阿里巴巴】Go岗-新鲜的大厂面经~,"1.请说一下mysql的事务隔离级别。
由于我对这里比较熟悉，所以主要讲了一下“write skew“和“Phantom“,以及”repeatable read“和”snapshot isolation“，面试官显然对这部分了解不多，然后我又讲了一下mysql的mvcc和加锁策略，以及tidb的乐观事务模型。接着说了一下数据库如何实现ACID的，以及事务的调度算法。
参考《A Critique of ANSI SQL Isolation Levels》和《数据库设计与实现》。
2.简要说一下kafka。
主要回答了一下broker，分区，isr，储存方式，零拷贝。然后扯了一下zookeeper的设计以及zab协议。
参考《Kafka权威指南》《从Paxos到Zookeeper分布式一致性原理与实践》和《ZooKeeper: Wait-free coordination for Internet-scale systems》
3.算法题，leetcode 中等难度通过率31%
在指导下做出来了。
4.说一下go协程设计
由于自己用c实现过协程，所以答的很随意。讲了一下函数调用约定，栈布局，上下文切换，x86寄存器，又讲了一下用gcc的”-finstrument-functions”。然后讲了一下go的调度思路。
参考go源码runtime.schedule
5.说一下epoll
讲了epoll跟select的区别，然后回答了et和lt的区别以及使用场景。又回答了一下go的设计思路。
参考man 7 epoll和go源码 runtime.netpoll
1.讲一下raft算法
讲了一下leader选举，日志复制，应用到上层状态机这三部分。
参考《In Search of an Understandable Consensus Algorithm》
2.讲一下cap定理
回答了一下概念。然后结合 mysql(同步复制，异步复制),kafka(isr)，etcd(raft),zookeeper(zab)讲了一下各自是什么系统。
参考《ddia》
3.算法题 链表排序
先用插入排序做出来了，
让用快排做，不会做。
然后问时间复杂度，这个回答错了，
接着又让证明，结果又证明出来了个logN…
4.又问了一道算法题
很水的题目，忘记了。
5.讲一下fork原理。
背了几个步骤，回答了一下。
参考《深入理解linux内核》
6.如何设计一个朋友圈。
没啥思路，在指导下写出来了。
1.zab，raft，paxos协议的区别。
回答了一下raft，然后有点蒙也不知道回答什么。
2.讲一下canal
说了一下binlog的格式。
3.讲一下协程设计
同一面
4。一道算法题
跟数列有关的算法题，可能是想考察dp的，我直接推出了通项公式，代码也没写
5.go的hashmap如何实现的
讲了一下均摊扩容，然后问了一些很细节的问题，估计是看的某个issue。
6.实现一个hashmap
。。。。写了增删改查，扩容不会写。
Go开发岗
阿里巴巴面试

ㅤ普通"
【阿里巴巴】Go岗-秋招六轮,"阿里的二三面都是突然搞袭击，每次都是我刚睡醒 朦胧的状态面的试QAQ发挥都不太好
笔试 8月7号
第一题A了 第二题超时了才10% 可能是因为数组make了太多 触发了GC太多了吧
我刚睡醒就接到电话了 还是挺蒙的
基本上就是聊人生，聊你对公司的理解
聊学校的事情，聊聊技术。嗯 阿里的hr都是懂点技术的。。
Go开发岗
阿里巴巴面试

ㅤ普通"
【阿里巴巴】Go岗-后端社招面试经历,"介绍一下自己
问项目经历, 聊”数据同步”
接着聊上了 K8S 的项目
有没有什么钻研得比较深得技术？（我：kubernetes, golang, prometheus, java） kubernetes 的架构是怎么样的?
这个问题很大，拆成 apiserver、controller、kubelet、scheduler 讲了一下
golang 与 java 的比较
这个问题又很大，当时主要对比了 vm、协程支持、面向对象和泛型的区别、以及自己对各自使用场景的一些理解
golang 的 gc 算法
知道是三色标记，不过细节说不上来
从无限的字符流中, 随机选出 10 个字符
没见过也没想出来，查了一下是蓄水池采样算法，经典面试题，没刷题吃亏了
怎么扩展 kubernetes scheduler, 让它能 handle 大规模的节点调度
单节点提速：优选阶段随机取部分节点进行优选；水平扩展 scheduler 节点，pod 做一致性 hash 来决定由哪个 scheduler 调度
你有什么想问我的?
一面其实有点僵，我自己完全没放开，面试官对我的回答没有什么反馈和深入，都是”哦好的”然后就过了。所以我当时面完觉得自己其实已经挂了（我自己要是对***不感兴趣，有时候也就问完问题走个过场溜了），后来收到二面电话着实吃惊了一下。
先聊了聊项目
给 Prometheus 做了哪些改动？
自研配置中心, 具体做了哪些内容？ 有用过 MySQL 的什么高级特性吗?
这里不太理解，我问什么算高级特性，面试官就切换到了下一个问题
配置中心的核心数据表是怎么设计的?
为什么在业务里用 Redis, Redis 有什么优点?
单线程：并发安全；高性能；原语与数据结构丰富；采用广泛，踩坑成本低
对 Redis 里数据结构的实现熟悉吗?
说了一个 zset 跳表
用过 Redis 的哪些数据结构, 分别用在什么场景?
Java 初始化一个线程池有哪些参数可以配置, 分别是什么作用?
自己写的 Java 应用调优过哪些 JVM 参数, 为什么这么调优?
这个问住了，我只知道最大堆最小堆，开 G1，开 GC 日志以及 OOM dumper 这些基本的
用 Jetty 的时候有没有配什么参数, 为什么这么配?
Jetty QTP 等待队列配置成无限的话, 你觉得好吗? 会有什么问题吗?
用过 Linux Bash 里的哪些命令, 分别用它们干嘛?
一道笔试题: 需要在给的链接中作答, 不能 google, 不能跳出, 不能用 IDE:
题目是这样的：
启动两个线程, 一个输出 1,3,5,7…99, 另一个输出 2,4,6,8…100 最后 STDOUT 中按序输出 1,2,3,4,5…100
我: 我用 Go 实现吧
面试官: 不可以，用 Java 的 notify 机制实现
我: (还没意识到问题的严峻) 那我用 Java BlockingQueue
面试官：说不可以, 要求用 Java 的 wait + notify 机制来实现
我完全没写过 wait + notify，只能表示不会（菜鸡本鸡了）, 面试官说那行吧你可以用 go 写
最后用 go channel 实现了一版, 不过给的网页上不能运行代码，也不知道写得对不对，然后面试结束。
这一轮面试官延续了一面的风格，问完一题就赶忙下一题了，似乎没有表现出对我的回答有兴趣或认可。因此这轮面完，我又觉得自己挂了…
依然先聊项目 对监控警报的项目很感兴趣, 问了挺多细节, 最后问了一个问题: 现在要你实现一个语义不弱于 PromQL 的查询语言, 你能实现吗?
这里虽然看过一些 Prometheus 的代码，但其实对 PromQL 的 lexer 和 parser 部分没有细看，还好之前因为数据同步项目里想写声明式 Stream SQL 研究过一点 ANTLR，用 ANTLR 写语法 + AST 遍历塞查询逻辑给糊弄过去了。
问我觉得做得最深入的项目是什么
当然是数据同步（狗头）
聊数据同步项目（这个很符合我的预期，哈哈哈哈）
问 Linux 掌握得怎么样？
没有系统学习过，基本上是自己运维踩坑积累的
问 Golang 掌握得怎么样？
用了半年, 看过 effective go
问算法掌握得怎么样？
到图为止都可以
问最短路算法
只记得 dijkstra 了，描述了代码流程
k8s 掌握得怎么样?
不怎么样，没有自己写过 controller 和 scheduler，但是对概念都很熟悉，看过 xxx 这几部分的源码
k8s 的 exec 是怎么实现的?
这个问题正中下怀，之前写了 PingCAP 的小作业正好对这块特别熟悉
这轮聊得顺畅多了。同时发现蚂蚁的面试官似乎挺喜欢让你自己评价自己的：”你觉得自己 xxx 掌握得怎么样？”（只有五位面试官，样本不够大，不能作数哦），这类问题其实我慌得要死，怕自己吹过头了答不上来，面试挂了事小，丢了面子事大。早知道就预习一下怎么吹嘘自己了。
介绍一下自己
觉得自己基础知识掌握 怎么样
平时一般会用到哪些数据结构？
链表和数组相比, 有什么优劣？
如何判断两个无环单链表有没有交叉点
如何判断两个有环单链表有没有交叉点
如何判断一个单链表有没有环, 并找出入环点
TCP 和 UDP 有什么区别?
描述一下 TCP 四次挥手的过程中
TCP 有哪些状态
TCP 的 LISTEN 状态是什么
TCP 的 CLOSE_WAIT 状态是什么
建立一个 socket 连接要经过哪些步骤
常见的 HTTP 状态码有哪些
301和302有什么区别
504和500有什么区别
HTTPS 和 HTTP 有什么区别
写一个算法题: 手写快排
这一轮全程问的基础知识，基础扎实的话就没问题了，不过个人感觉有一点像校招的问法。
介绍一下自己
在 k8s 上做过哪些二次开发?
自己用 Helm 构建过 chart 吗？有哪些？
有没有考虑过自己封装一个面向研发的 PaaS 平台？
配置中心做了什么？
为什么不用 zookeeper？
配置中心如何保证一致性？ Spring 里用了单例 Bean, 怎么保证访问 Bean 字段时的并发安全？
用并发安全的数据结构，比如 ConcurrentHashMap；或者加互斥锁
假如我还想隔离两个线程的数据, 怎么办？
ThreadLocal，然后举了个例子
Golang 里的逃逸分析是什么？怎么避免内存逃逸？
这个不知道，认怂了
对比一下 Golang 和 Java 的 GC
答了一下 CMS、G1和三色标记，我对比的点是 JVM 有分代回收，Go 的 Runtime 没有，没能深入地讲
Golang 的 GC 触发时机是什么
阈值触发；主动触发；两分钟定时触发；
有没有写过 k8s 的 Operator 或 Controller？（我：没有写过）
谈一谈你对微服务架构的理解
大体思路”微服务本质是人员组织架构演进与关注点分离”
谈一谈你对 Serveless 的理解
大体思路”Serveless 是继 docker 与容器编排之后的又一次应用开发与基础设施提供方之间的边界划分”
你认为 Serveless 是未来吗? 为什么?
大体思路”是云服务的未来，把蛋糕从企业的IT、运维与中间件部门切走，形成规模效应，做得越多赚得越多；公司内的话 servless 能够帮助加速前台业务迭代，但对中后台的收益还看不到，未来可能会有比 servless 更适合中后台的架构”
面试官：最后你有什么要问我的？
我：为什么足足安排了五轮技术面，而且其中有两轮似乎和 k8s 没有关系啊？
面试官：我们觉得你做过的东西挺多的，各个方向都想让你尝试一下 (我的内心：……)
我：那这轮是最后一轮技术面吗？
面试官：不一定（我的内心：……)
五面最后的三个吹水问题我还挺感兴趣，可惜面试官只是听我讲，没有跟我讨论。还有就是问了面试官才知道，二面四面的面试官是 PaaS 平台那边的，因此主要问 Java 没有涉及到 k8s 和 go。
HR 面，之前就听说过阿里系的 HR 是来”闻味道的”（看你是否适合阿里的风格），而且有一票否决权。所以还是挺有压力的。
问经历 为什么要考虑出来看看呢？
金句：” 现在自己的技术成长有点碰到瓶颈，加上一直对您公司钦慕有加☺️ “”
现在公司的主营业务是什么？（这块往技术上问了很多，感觉是想考察我解释复杂问题的能力）
现在带人吗？report 层级是怎样的？
对自己这几年的经历满意吗？
觉得自己有什么缺点？
碰到过什么很挫败的事情吗？
未来的职业规划是怎样的？
看机会的时候，主要考虑的是待遇、平台、人员还是什么其他因素？
现在的待遇如何
有什么想问我的
整体聊了 40 多分钟，话题挺广的，面试官也说了系统部这边压力挺大的，优秀的人才才能留下来。个人觉得 HR 面里除了谈薪酬的部分没有什么可准备的，想说什么直说就行。因为到了 HR 面至少证明你的技术没什么问题，直说出来方便 HR 判断两边的价值观是否合拍，假如真的不合拍，那其实在 HR 这一面挂了比起进去之后再后悔又跳槽要好很多，毕竟大家都不喜欢频繁跳槽的简历。
Go开发岗
阿里巴巴面试

ㅤ普通"
【阿里巴巴】Go岗-非科班菜鸡的实习,"GMP模型是如何实现的
进程，线程，协程联系和区别
别的语言有协程嘛
一颗CPU，两个协程，其中一个协程在死循环，会发生什么
GC垃圾回收机制
和JAVA垃圾回收机制有啥区别
Channel底层原理
用Channel和两个协程实现数组相加
用协程实现顺序打印123
切片原理 和数组的区别
切片初始化问题
map什么内容不能成为key
map和sync map（读写问题）
看过啥底层包（net，sync等等）
懂不懂RPC。
项目怎么实现高并发高性能（我的项目内容就实现了个读写分离，协程池）
链表排序插入，二叉树找中间一段子树（题号437），层次遍历等等L网站初级或中级题目，
最难也就阿里笔试初级回溯算法了，（还有同学的腾讯笔试题目太难了，5道我就能写出一道题目），老老实实把简单题刷熟，真没想象中那么难。
排序算法，堆排序，桶排序，快排，二分查找等等手写，并且举例说出最优和最差情况
建议玩一天抓包，基本的内容也就熟悉了。
HTTP协议报文内容，常见状态码，挂了怎么办。
TCP三次握手，四次挥手，以及通信中间挂了怎么办。
TCP UDP报文格式以及区别，为啥要那些字段，分别能传输最大报文为多少。
OSI7层模型说说每层的常用协议。
ICMP,IGMP协议是怎么回事，怎么实现的。
为啥要IP还要mac。
常见路由协议。
ARP协议是怎么回事，报文内容有啥。
一个包怎么能从一台电脑到另一台电脑。
强烈建议多找找应用场景，怎么来构建数据库，不要像我只会增删查改。
ACID
隔离级别
备份还原
redis基本数据类型，RDB和AOF
基础查表建表问题。
linux下进程，线程实现，如何通信
常见命令ls,ps,df等等
grep写正则
僵尸进程，孤儿进程
Go开发岗
阿里巴巴面试

ㅤ普通"
【阿里巴巴】Go岗-春招实习阶段性总结（已OC）,"我首先就投了阿里云和字节后端，是正月初七开始投的，很多大哥年前就开始投了（太猛了）。都说字节效率高，但是我好久没收到面试通知（可能因为我菜）。阿里云的大佬们很快就约了我，我同时和云原生的三个团队进行联系，两个是容器的团队，一个是数据可视化的好像。（提前批可以广投当海王，然后最后选一个进系统）
流程最快的还是其中一个容器团队，最后我也收到这个团队的offer，所以我就说说这个团队的经历。
自我介绍
TCP/UDP区别，TCP拥塞控制流量控制
HTTPS原理过程
make原理
进程、线程、协程区别，各自结构，内存分配
分布式CAP模型
golang GMP模型
golang内存分配
golang GC(三色、写屏障、STW)
linux io多路复用(epoll、poll、select)
linux io流程(应用、文件系统、内核、硬件)
程序编译的流程、执行的流程、内部形态(深入理解计算机系统中有)
算法(合并升序链表、长数字划分多个可以被3整除的数)
（人生中第一次面试，答的自我感觉还算良好）
自我介绍
项目介绍
针对一个项目问（并发量、业务流程、我所做的工作、技术挑战点）
针对一个研究性质的项目问（怎么选择分类器、数据量、工作流程、数据结构）
JVM I\O时操作系统发生了什么
算法（链表是否有环、走楼梯）
（阿里的算法是真的不难，但是对项目是真的重视）
当时我在洗头，突然就来电话了，迅速三面
问我的每一篇论文分别是干啥的
每一篇论文做的东西分别啥
每一篇我的工作分别是啥
因为我的论文大多数是网络嵌入相关的，我就介绍了我主写的那篇我搭的神经网络的原则、大致结构、性能等相关的东西
还有研究性质项目上用的算法相关的问题
面试官直接通知我提前批通过，三月中旬等消息
3.5 进系统录信息，测评+笔试
3.8 下午时候突然又接到电话，三面面试官打来的，说要加一面
自我介绍
每个项目都简单介绍介绍
学习情况
实验室情况
论文情况
实习时间
然后最离谱的是让我用英文介绍TCP/IP协议栈，我直接以英文口语不好回绝了，有点离谱好吗
然后说挺不错的等下次面试通知，还有让我回去好好学英语
（然后就是漫长的HR面试等待，开始两周一催，后面一周一催）
奖项介绍
经历介绍
等等等
（感觉还是不错的，阿里云的HR面虽慢尤强）
百度度小满的面经先不说了吧，过程比起其他的顺利多了，等过几天想写的时候再加到后边，字节是和一个部门面试了一次，然后卡我简历，春招才告诉我挂了，然后得走春招流程参加笔试，然后参加了两次笔试了，还是没约面试（真的是我太菜了）。腾讯的更曲折，WXG三面挂、财经三面挂（该生基础扎实、算法能力强、逻辑能力强，但是建议读个研究生，建议不通过），还让我转C++，浪费我的感情，现在终于面了一个Golang的岗位了，PCG的，过几天看心情随缘分享吧，美团点评是用Golang去面Java后端岗，面试总之不是很舒服，毕竟转岗面试竞争大难度也大。总体总结一下，使用Golang面其他岗有点难，需要看的挺多，但是如果面Golang后端开发就很舒服了。
如果准备找工作，而且对Golang感兴趣，可以选择Golang，但是这个可以选择的岗位不是很多，终究和Java没法比，Java是只要努力了卷了就一定有收获，而Golang就是可以选择的岗位不多，需要专精需要广泛选择，综合能力跟上。我在春招期间真的收获挺大的，原来以为抗压能力还行，后来发现我的心态真的不如我想的好，就在等阿里HR面途中，腾讯搞人心态，而且也没有其他的面试通知时，真的一度超级难受，都开始重新拿起考研教材了，后来也是和朋友家人聊天缓解过来了，我一受挫就海投，什么京东、BiliBili、360、搜狗、小米等都投过，只是想拿个保底，毕竟Golang岗要想的确实比其他岗要多，不是卷就能成的。但是它们的流程似乎很慢，在收到offer后我就都拒了它们的邀请了，终于算躺平了吧。后边其他的面经随缘更新吧。
Go开发岗
阿里巴巴面试

ㅤ普通"
【阿里巴巴】Go岗-后端一二三面凉经::>_<::,"前面一直在问实习的和学校里的经历
三面搞得心态很崩 很晚了 面试官也一直好像不想问一样
Go开发岗
阿里巴巴面试

ㅤ普通"
【阿里巴巴】Go岗-阿里云实习面经,"40 min
自我介绍
项目
缓存穿透
分布式缓存：如果客户端想保存热点数据，如何设计？
热点数据如何从存储节点同步到客户端？是推送还是拉取？
更新数据库，如何保证缓存一致？
MySQL binlog
介绍一下go
go 的调度模型
介绍了一下部门
最近学习的东西
在线写一个LRU
如何加锁
50 min
在线写hashmap
介绍项目
http 请求和响应头
https 建立连接的过程
go GC
对阿里的看法
给了建议，代码细节需要多注意，平时要多做单元测试
60min
自我介绍
项目
服务注册中心
有没有做过被实际应用的软件项目
熟悉的技术
mysql为什么用B+树
如果硬盘的随机访问性能大幅提升，mysql 的存储结构能否优化
其他的存储结构？哈希表怎么存？
用哈希的方式，增删改查相比B+树有什么区别？
介绍项目组
三面结束后正好2周才联系hr面
自我介绍
读研吗
介绍一下校内成就？paper，奖学金，竞赛？
介绍技术栈
为什么选择golang
如何平衡学业和学习技术的时间
遇到技术难题怎么解决
倾向的城市？
还投了其他公司吗？流程到哪了？
期待在实习过程中获得什么
倾向哪种类型的公司？
生活中特别down的时候怎么调节
后续
hr面之后第二天就收到意向书了
许愿offer
Go开发岗
阿里巴巴面试

ㅤ普通"
【阿里巴巴】Go岗-暑期后端开发,"1、问项目
2、二分查找
3、etcd选举机制，etcd源码可以看一下
4、kafka为什么性能高，应用场景，实现功能
5、http状态码
6、http get，post区别，说一下什么是restful风格
7、TCP,UDP三次握手，四次挥手，time_wait作用
8、MAC，IP工作在哪一层，区别
9、mysql存储引擎，以及应用场景
10、mysql索引有哪些，b+树b树区别
11、mysql用什么进行错误分析与定位
12、linux常用命令，查看硬盘剩余空间；查看父进程；某个进程内存占满，如何查看；find，grep区别
13、你用过k8s和docker吗，说一下它们的使用场景
14、介绍一下你最有成就感的项目，介绍一下亮点，以及遇到的问题，以及是怎么解决的
以上顺序不一定是面试时候问我的，记不太清了
有些基础题一问就卡壳或者回答反，还是怪自己有些基础知识平时记得不太清楚?
总体下来1小时10分左右，因为最开始麦没调好，耽搁了五六分钟。
1、自我介绍
2、问项目，遇到哪些难点，怎么解决的。
3、聊了下研究生的研究课题。
4、我看你本科专业不是计算机的，为什么选择计算机？
5、熟悉网络、linux相关的东西吗？
6、你主要是用go语言，那你能介绍一下go的包管理工具吗？除了go mod还知道哪些？
7、问意向工作地点，可以什么时候实习，以及可以实习多久的时间？
反问：
1、技术栈有哪些？
后端python、go
前端vue
2、面试表现如何？
总共下来35分钟左右吧，时间不长。
Go开发岗
阿里巴巴面试

ㅤ普通"
